/*
SQLyog Ultimate v11.11 (64 bit)
MySQL - 5.5.5-10.1.37-MariaDB : Database - paltron
*********************************************************************
*/

/*!40101 SET NAMES utf8 */;

/*!40101 SET SQL_MODE=''*/;

/*!40014 SET @OLD_UNIQUE_CHECKS=@@UNIQUE_CHECKS, UNIQUE_CHECKS=0 */;
/*!40014 SET @OLD_FOREIGN_KEY_CHECKS=@@FOREIGN_KEY_CHECKS, FOREIGN_KEY_CHECKS=0 */;
/*!40101 SET @OLD_SQL_MODE=@@SQL_MODE, SQL_MODE='NO_AUTO_VALUE_ON_ZERO' */;
/*!40111 SET @OLD_SQL_NOTES=@@SQL_NOTES, SQL_NOTES=0 */;
CREATE DATABASE /*!32312 IF NOT EXISTS*/`paltron` /*!40100 DEFAULT CHARACTER SET utf8 */;

USE `paltron`;

/*Table structure for table `caches` */

DROP TABLE IF EXISTS `caches`;

CREATE TABLE `caches` (
  `name` varchar(128) NOT NULL,
  `data` mediumtext NOT NULL,
  `expires` datetime NOT NULL,
  PRIMARY KEY (`name`),
  KEY `expires` (`expires`)
) ENGINE=MyISAM DEFAULT CHARSET=utf8;

/*Data for the table `caches` */

insert  into `caches`(`name`,`data`,`expires`) values ('Modules.wire/modules/','AdminTheme/AdminThemeDefault/AdminThemeDefault.module\nAdminTheme/AdminThemeReno/AdminThemeReno.module\nAdminTheme/AdminThemeUikit/AdminThemeUikit.module\nFieldtype/FieldtypeCache.module\nFieldtype/FieldtypeCheckbox.module\nFieldtype/FieldtypeComments/CommentFilterAkismet.module\nFieldtype/FieldtypeComments/FieldtypeComments.module\nFieldtype/FieldtypeComments/InputfieldCommentsAdmin.module\nFieldtype/FieldtypeDatetime.module\nFieldtype/FieldtypeEmail.module\nFieldtype/FieldtypeFieldsetClose.module\nFieldtype/FieldtypeFieldsetOpen.module\nFieldtype/FieldtypeFieldsetTabOpen.module\nFieldtype/FieldtypeFile.module\nFieldtype/FieldtypeFloat.module\nFieldtype/FieldtypeImage.module\nFieldtype/FieldtypeInteger.module\nFieldtype/FieldtypeModule.module\nFieldtype/FieldtypeOptions/FieldtypeOptions.module\nFieldtype/FieldtypePage.module\nFieldtype/FieldtypePageTable.module\nFieldtype/FieldtypePageTitle.module\nFieldtype/FieldtypePassword.module\nFieldtype/FieldtypeRepeater/FieldtypeFieldsetPage.module\nFieldtype/FieldtypeRepeater/FieldtypeRepeater.module\nFieldtype/FieldtypeRepeater/InputfieldRepeater.module\nFieldtype/FieldtypeSelector.module\nFieldtype/FieldtypeText.module\nFieldtype/FieldtypeTextarea.module\nFieldtype/FieldtypeURL.module\nFileCompilerTags.module\nImage/ImageSizerEngineAnimatedGif/ImageSizerEngineAnimatedGif.module\nImage/ImageSizerEngineIMagick/ImageSizerEngineIMagick.module\nInputfield/InputfieldAsmSelect/InputfieldAsmSelect.module\nInputfield/InputfieldButton.module\nInputfield/InputfieldCheckbox.module\nInputfield/InputfieldCheckboxes/InputfieldCheckboxes.module\nInputfield/InputfieldCKEditor/InputfieldCKEditor.module\nInputfield/InputfieldDatetime/InputfieldDatetime.module\nInputfield/InputfieldEmail.module\nInputfield/InputfieldFieldset.module\nInputfield/InputfieldFile/InputfieldFile.module\nInputfield/InputfieldFloat.module\nInputfield/InputfieldForm.module\nInputfield/InputfieldHidden.module\nInputfield/InputfieldIcon/InputfieldIcon.module\nInputfield/InputfieldImage/InputfieldImage.module\nInputfield/InputfieldInteger.module\nInputfield/InputfieldMarkup.module\nInputfield/InputfieldName.module\nInputfield/InputfieldPage/InputfieldPage.module\nInputfield/InputfieldPageAutocomplete/InputfieldPageAutocomplete.module\nInputfield/InputfieldPageListSelect/InputfieldPageListSelect.module\nInputfield/InputfieldPageListSelect/InputfieldPageListSelectMultiple.module\nInputfield/InputfieldPageName/InputfieldPageName.module\nInputfield/InputfieldPageTable/InputfieldPageTable.module\nInputfield/InputfieldPageTitle/InputfieldPageTitle.module\nInputfield/InputfieldPassword/InputfieldPassword.module\nInputfield/InputfieldRadios/InputfieldRadios.module\nInputfield/InputfieldSelect.module\nInputfield/InputfieldSelectMultiple.module\nInputfield/InputfieldSelector/InputfieldSelector.module\nInputfield/InputfieldSubmit/InputfieldSubmit.module\nInputfield/InputfieldText.module\nInputfield/InputfieldTextarea.module\nInputfield/InputfieldURL.module\nJquery/JqueryCore/JqueryCore.module\nJquery/JqueryMagnific/JqueryMagnific.module\nJquery/JqueryTableSorter/JqueryTableSorter.module\nJquery/JqueryUI/JqueryUI.module\nJquery/JqueryWireTabs/JqueryWireTabs.module\nLanguageSupport/FieldtypePageTitleLanguage.module\nLanguageSupport/FieldtypeTextareaLanguage.module\nLanguageSupport/FieldtypeTextLanguage.module\nLanguageSupport/LanguageSupport.module\nLanguageSupport/LanguageSupportFields.module\nLanguageSupport/LanguageSupportPageNames.module\nLanguageSupport/LanguageTabs.module\nLanguageSupport/ProcessLanguage.module\nLanguageSupport/ProcessLanguageTranslator.module\nLazyCron.module\nMarkup/MarkupAdminDataTable/MarkupAdminDataTable.module\nMarkup/MarkupCache.module\nMarkup/MarkupHTMLPurifier/MarkupHTMLPurifier.module\nMarkup/MarkupPageArray.module\nMarkup/MarkupPageFields.module\nMarkup/MarkupPagerNav/MarkupPagerNav.module\nMarkup/MarkupRSS.module\nPage/PageFrontEdit/PageFrontEdit.module\nPagePathHistory.module\nPagePaths.module\nPagePermissions.module\nPageRender.module\nProcess/ProcessCommentsManager/ProcessCommentsManager.module\nProcess/ProcessField/ProcessField.module\nProcess/ProcessForgotPassword.module\nProcess/ProcessHome.module\nProcess/ProcessList.module\nProcess/ProcessLogger/ProcessLogger.module\nProcess/ProcessLogin/ProcessLogin.module\nProcess/ProcessModule/ProcessModule.module\nProcess/ProcessPageAdd/ProcessPageAdd.module\nProcess/ProcessPageClone.module\nProcess/ProcessPageEdit/ProcessPageEdit.module\nProcess/ProcessPageEditImageSelect/ProcessPageEditImageSelect.module\nProcess/ProcessPageEditLink/ProcessPageEditLink.module\nProcess/ProcessPageList/ProcessPageList.module\nProcess/ProcessPageLister/ProcessPageLister.module\nProcess/ProcessPageSearch/ProcessPageSearch.module\nProcess/ProcessPagesExportImport/ProcessPagesExportImport.module\nProcess/ProcessPageSort.module\nProcess/ProcessPageTrash.module\nProcess/ProcessPageType/ProcessPageType.module\nProcess/ProcessPageView.module\nProcess/ProcessPermission/ProcessPermission.module\nProcess/ProcessProfile/ProcessProfile.module\nProcess/ProcessRecentPages/ProcessRecentPages.module\nProcess/ProcessRole/ProcessRole.module\nProcess/ProcessTemplate/ProcessTemplate.module\nProcess/ProcessUser/ProcessUser.module\nSession/SessionHandlerDB/ProcessSessionDB.module\nSession/SessionHandlerDB/SessionHandlerDB.module\nSession/SessionLoginThrottle/SessionLoginThrottle.module\nSystem/SystemNotifications/FieldtypeNotifications.module\nSystem/SystemNotifications/SystemNotifications.module\nSystem/SystemUpdater/SystemUpdater.module\nTextformatter/TextformatterEntities.module\nTextformatter/TextformatterMarkdownExtra/TextformatterMarkdownExtra.module\nTextformatter/TextformatterNewlineBR.module\nTextformatter/TextformatterNewlineUL.module\nTextformatter/TextformatterPstripper.module\nTextformatter/TextformatterSmartypants/TextformatterSmartypants.module\nTextformatter/TextformatterStripTags.module','2010-04-08 03:10:01'),('ModulesUninstalled.info','{\"AdminThemeReno\":{\"name\":\"AdminThemeReno\",\"title\":\"Reno\",\"version\":17,\"versionStr\":\"0.1.7\",\"author\":\"Tom Reno (Renobird)\",\"summary\":\"Admin theme for ProcessWire 2.5+ by Tom Reno (Renobird)\",\"requiresVersions\":{\"AdminThemeDefault\":[\">=\",0]},\"autoload\":\"template=admin\",\"created\":1559601034,\"installed\":false,\"configurable\":3,\"namespace\":\"ProcessWire\\\\\",\"core\":true},\"FieldtypeCache\":{\"name\":\"FieldtypeCache\",\"title\":\"Cache\",\"version\":102,\"versionStr\":\"1.0.2\",\"summary\":\"Caches the values of other fields for fewer runtime queries. Can also be used to combine multiple text fields and have them all be searchable under the cached field name.\",\"created\":1559601034,\"installed\":false,\"namespace\":\"ProcessWire\\\\\",\"core\":true},\"CommentFilterAkismet\":{\"name\":\"CommentFilterAkismet\",\"title\":\"Comment Filter: Akismet\",\"version\":200,\"versionStr\":\"2.0.0\",\"summary\":\"Uses the Akismet service to identify comment spam. Module plugin for the Comments Fieldtype.\",\"requiresVersions\":{\"FieldtypeComments\":[\">=\",0]},\"created\":1559601034,\"installed\":false,\"configurable\":3,\"namespace\":\"ProcessWire\\\\\",\"core\":true},\"FieldtypeComments\":{\"name\":\"FieldtypeComments\",\"title\":\"Comments\",\"version\":107,\"versionStr\":\"1.0.7\",\"summary\":\"Field that stores user posted comments for a single Page\",\"installs\":[\"InputfieldCommentsAdmin\"],\"created\":1559601034,\"installed\":false,\"namespace\":\"ProcessWire\\\\\",\"core\":true},\"InputfieldCommentsAdmin\":{\"name\":\"InputfieldCommentsAdmin\",\"title\":\"Comments Admin\",\"version\":104,\"versionStr\":\"1.0.4\",\"summary\":\"Provides an administrative interface for working with comments\",\"requiresVersions\":{\"FieldtypeComments\":[\">=\",0]},\"created\":1559601034,\"installed\":false,\"namespace\":\"ProcessWire\\\\\",\"core\":true},\"FieldtypeOptions\":{\"name\":\"FieldtypeOptions\",\"title\":\"Select Options\",\"version\":1,\"versionStr\":\"0.0.1\",\"summary\":\"Field that stores single and multi select options.\",\"created\":1559601034,\"installed\":false,\"namespace\":\"ProcessWire\\\\\",\"core\":true},\"FieldtypePageTable\":{\"name\":\"FieldtypePageTable\",\"title\":\"ProFields: Page Table\",\"version\":8,\"versionStr\":\"0.0.8\",\"summary\":\"A fieldtype containing a group of editable pages.\",\"installs\":[\"InputfieldPageTable\"],\"autoload\":true,\"created\":1559601034,\"installed\":false,\"namespace\":\"ProcessWire\\\\\",\"core\":true},\"FieldtypeFieldsetPage\":{\"name\":\"FieldtypeFieldsetPage\",\"title\":\"Fieldset (Page)\",\"version\":1,\"versionStr\":\"0.0.1\",\"summary\":\"Fieldset with fields isolated to separate namespace (page), enabling re-use of fields.\",\"requiresVersions\":{\"FieldtypeRepeater\":[\">=\",0]},\"autoload\":true,\"created\":1559601034,\"installed\":false,\"configurable\":3,\"namespace\":\"ProcessWire\\\\\",\"core\":true},\"FieldtypeSelector\":{\"name\":\"FieldtypeSelector\",\"title\":\"Selector\",\"version\":13,\"versionStr\":\"0.1.3\",\"author\":\"Avoine + ProcessWire\",\"summary\":\"Build a page finding selector visually.\",\"created\":1559601034,\"installed\":false,\"namespace\":\"ProcessWire\\\\\",\"core\":true},\"FileCompilerTags\":{\"name\":\"FileCompilerTags\",\"title\":\"Tags File Compiler\",\"version\":1,\"versionStr\":\"0.0.1\",\"summary\":\"Enables {var} or {var.property} variables in markup sections of a file. Can be used with any API variable.\",\"created\":1559601034,\"installed\":false,\"configurable\":4,\"namespace\":\"ProcessWire\\\\\",\"core\":true},\"ImageSizerEngineAnimatedGif\":{\"name\":\"ImageSizerEngineAnimatedGif\",\"title\":\"Animated GIF Image Sizer\",\"version\":1,\"versionStr\":\"0.0.1\",\"author\":\"Horst Nogajski\",\"summary\":\"Upgrades image manipulations for animated GIFs.\",\"created\":1559601034,\"installed\":false,\"configurable\":4,\"namespace\":\"ProcessWire\\\\\",\"core\":true},\"ImageSizerEngineIMagick\":{\"name\":\"ImageSizerEngineIMagick\",\"title\":\"IMagick Image Sizer\",\"version\":3,\"versionStr\":\"0.0.3\",\"author\":\"Horst Nogajski\",\"summary\":\"Upgrades image manipulations to use PHP\'s ImageMagick library when possible.\",\"created\":1559601034,\"installed\":false,\"configurable\":4,\"namespace\":\"ProcessWire\\\\\",\"core\":true},\"InputfieldPageTable\":{\"name\":\"InputfieldPageTable\",\"title\":\"ProFields: Page Table\",\"version\":13,\"versionStr\":\"0.1.3\",\"summary\":\"Inputfield to accompany FieldtypePageTable\",\"requiresVersions\":{\"FieldtypePageTable\":[\">=\",0]},\"created\":1559601034,\"installed\":false,\"namespace\":\"ProcessWire\\\\\",\"core\":true},\"LazyCron\":{\"name\":\"LazyCron\",\"title\":\"Lazy Cron\",\"version\":102,\"versionStr\":\"1.0.2\",\"summary\":\"Provides hooks that are automatically executed at various intervals. It is called \'lazy\' because it\'s triggered by a pageview, so the interval is guaranteed to be at least the time requested, rather than exactly the time requested. This is fine for most cases, but you can make it not lazy by connecting this to a real CRON job. See the module file for details. \",\"href\":\"https:\\/\\/processwire.com\\/api\\/modules\\/lazy-cron\\/\",\"autoload\":true,\"singular\":true,\"created\":1559601034,\"installed\":false,\"namespace\":\"ProcessWire\\\\\",\"core\":true},\"MarkupPageFields\":{\"name\":\"MarkupPageFields\",\"title\":\"Markup Page Fields\",\"version\":100,\"versionStr\":\"1.0.0\",\"summary\":\"Adds $page->renderFields() and $page->images->render() methods that return basic markup for output during development and debugging.\",\"autoload\":true,\"singular\":true,\"created\":1559601034,\"installed\":false,\"namespace\":\"ProcessWire\\\\\",\"core\":true,\"permanent\":true},\"MarkupRSS\":{\"name\":\"MarkupRSS\",\"title\":\"Markup RSS Feed\",\"version\":102,\"versionStr\":\"1.0.2\",\"summary\":\"Renders an RSS feed. Given a PageArray, renders an RSS feed of them.\",\"created\":1559601034,\"installed\":false,\"configurable\":3,\"namespace\":\"ProcessWire\\\\\",\"core\":true},\"PageFrontEdit\":{\"name\":\"PageFrontEdit\",\"title\":\"Front-End Page Editor\",\"version\":3,\"versionStr\":\"0.0.3\",\"author\":\"Ryan Cramer\",\"summary\":\"Enables front-end editing of page fields.\",\"icon\":\"cube\",\"permissions\":{\"page-edit-front\":\"Use the front-end page editor\"},\"autoload\":true,\"created\":1559601034,\"installed\":false,\"configurable\":\"PageFrontEditConfig.php\",\"namespace\":\"ProcessWire\\\\\",\"core\":true,\"license\":\"MPL 2.0\"},\"PagePathHistory\":{\"name\":\"PagePathHistory\",\"title\":\"Page Path History\",\"version\":4,\"versionStr\":\"0.0.4\",\"summary\":\"Keeps track of past URLs where pages have lived and automatically redirects (301 permament) to the new location whenever the past URL is accessed.\",\"autoload\":true,\"singular\":true,\"created\":1559601034,\"installed\":false,\"namespace\":\"ProcessWire\\\\\",\"core\":true},\"PagePaths\":{\"name\":\"PagePaths\",\"title\":\"Page Paths\",\"version\":1,\"versionStr\":\"0.0.1\",\"summary\":\"Enables page paths\\/urls to be queryable by selectors. Also offers potential for improved load performance. Builds an index at install (may take time on a large site). Currently supports only single languages sites.\",\"autoload\":true,\"singular\":true,\"created\":1559601034,\"installed\":false,\"namespace\":\"ProcessWire\\\\\",\"core\":true},\"ProcessCommentsManager\":{\"name\":\"ProcessCommentsManager\",\"title\":\"Comments\",\"version\":8,\"versionStr\":\"0.0.8\",\"author\":\"Ryan Cramer\",\"summary\":\"Manage comments in your site outside of the page editor.\",\"icon\":\"comments\",\"requiresVersions\":{\"FieldtypeComments\":[\">=\",0]},\"permission\":\"comments-manager\",\"permissions\":{\"comments-manager\":\"Use the comments manager\"},\"created\":1559601034,\"installed\":false,\"searchable\":\"comments\",\"namespace\":\"ProcessWire\\\\\",\"core\":true,\"page\":{\"name\":\"comments\",\"parent\":\"setup\",\"title\":\"Comments\"},\"nav\":[{\"url\":\"?go=approved\",\"label\":\"Approved\"},{\"url\":\"?go=pending\",\"label\":\"Pending\"},{\"url\":\"?go=spam\",\"label\":\"Spam\"},{\"url\":\"?go=all\",\"label\":\"All\"}]},\"ProcessForgotPassword\":{\"name\":\"ProcessForgotPassword\",\"title\":\"Forgot Password\",\"version\":103,\"versionStr\":\"1.0.3\",\"summary\":\"Provides password reset\\/email capability for the Login process.\",\"permission\":\"page-view\",\"created\":1559601034,\"installed\":false,\"configurable\":4,\"namespace\":\"ProcessWire\\\\\",\"core\":true},\"ProcessPageClone\":{\"name\":\"ProcessPageClone\",\"title\":\"Page Clone\",\"version\":104,\"versionStr\":\"1.0.4\",\"summary\":\"Provides ability to clone\\/copy\\/duplicate pages in the admin. Adds a &quot;copy&quot; option to all applicable pages in the PageList.\",\"permission\":\"page-clone\",\"permissions\":{\"page-clone\":\"Clone a page\",\"page-clone-tree\":\"Clone a tree of pages\"},\"autoload\":\"template=admin\",\"created\":1559601034,\"installed\":false,\"namespace\":\"ProcessWire\\\\\",\"core\":true,\"page\":{\"name\":\"clone\",\"title\":\"Clone\",\"parent\":\"page\",\"status\":1024}},\"ProcessPagesExportImport\":{\"name\":\"ProcessPagesExportImport\",\"title\":\"Pages Export\\/Import\",\"version\":1,\"versionStr\":\"0.0.1\",\"author\":\"Ryan Cramer\",\"summary\":\"Enables exporting and importing of pages. Development version, not yet recommended for production use.\",\"icon\":\"paper-plane-o\",\"permission\":\"page-edit-export\",\"created\":1559601034,\"installed\":false,\"namespace\":\"ProcessWire\\\\\",\"core\":true,\"page\":{\"name\":\"export-import\",\"parent\":\"page\",\"title\":\"Export\\/Import\"}},\"ProcessSessionDB\":{\"name\":\"ProcessSessionDB\",\"title\":\"Sessions\",\"version\":3,\"versionStr\":\"0.0.3\",\"summary\":\"Enables you to browse active database sessions.\",\"icon\":\"dashboard\",\"requiresVersions\":{\"SessionHandlerDB\":[\">=\",0]},\"created\":1559601034,\"installed\":false,\"namespace\":\"ProcessWire\\\\\",\"core\":true},\"SessionHandlerDB\":{\"name\":\"SessionHandlerDB\",\"title\":\"Session Handler Database\",\"version\":5,\"versionStr\":\"0.0.5\",\"summary\":\"Installing this module makes ProcessWire store sessions in the database rather than the file system. Note that this module will log you out after install or uninstall.\",\"installs\":[\"ProcessSessionDB\"],\"created\":1559601034,\"installed\":false,\"configurable\":3,\"namespace\":\"ProcessWire\\\\\",\"core\":true},\"FieldtypeNotifications\":{\"name\":\"FieldtypeNotifications\",\"title\":\"Notifications\",\"version\":4,\"versionStr\":\"0.0.4\",\"summary\":\"Field that stores user notifications.\",\"requiresVersions\":{\"SystemNotifications\":[\">=\",0]},\"created\":1559601034,\"installed\":false,\"namespace\":\"ProcessWire\\\\\",\"core\":true},\"SystemNotifications\":{\"name\":\"SystemNotifications\",\"title\":\"System Notifications\",\"version\":12,\"versionStr\":\"0.1.2\",\"summary\":\"Adds support for notifications in ProcessWire (currently in development)\",\"icon\":\"bell\",\"installs\":[\"FieldtypeNotifications\"],\"autoload\":true,\"created\":1559601034,\"installed\":false,\"configurable\":\"SystemNotificationsConfig.php\",\"namespace\":\"ProcessWire\\\\\",\"core\":true},\"TextformatterMarkdownExtra\":{\"name\":\"TextformatterMarkdownExtra\",\"title\":\"Markdown\\/Parsedown Extra\",\"version\":130,\"versionStr\":\"1.3.0\",\"summary\":\"Markdown\\/Parsedown extra lightweight markup language by Emanuil Rusev. Based on Markdown by John Gruber.\",\"created\":1559601034,\"installed\":false,\"configurable\":3,\"namespace\":\"ProcessWire\\\\\",\"core\":true},\"TextformatterNewlineBR\":{\"name\":\"TextformatterNewlineBR\",\"title\":\"Newlines to XHTML Line Breaks\",\"version\":100,\"versionStr\":\"1.0.0\",\"summary\":\"Converts newlines to XHTML line break <br \\/> tags. \",\"created\":1559601034,\"installed\":false,\"namespace\":\"ProcessWire\\\\\",\"core\":true},\"TextformatterNewlineUL\":{\"name\":\"TextformatterNewlineUL\",\"title\":\"Newlines to Unordered List\",\"version\":100,\"versionStr\":\"1.0.0\",\"summary\":\"Converts newlines to <li> list items and surrounds in an <ul> unordered list. \",\"created\":1559601034,\"installed\":false,\"namespace\":\"ProcessWire\\\\\",\"core\":true},\"TextformatterPstripper\":{\"name\":\"TextformatterPstripper\",\"title\":\"Paragraph Stripper\",\"version\":100,\"versionStr\":\"1.0.0\",\"summary\":\"Strips paragraph <p> tags that may have been applied by other text formatters before it. \",\"created\":1559601034,\"installed\":false,\"namespace\":\"ProcessWire\\\\\",\"core\":true},\"TextformatterSmartypants\":{\"name\":\"TextformatterSmartypants\",\"title\":\"SmartyPants Typographer\",\"version\":171,\"versionStr\":\"1.7.1\",\"summary\":\"Smart typography for web sites, by Michel Fortin based on SmartyPants by John Gruber. If combined with Markdown, it should be applied AFTER Markdown.\",\"created\":1559601034,\"installed\":false,\"configurable\":4,\"namespace\":\"ProcessWire\\\\\",\"core\":true,\"url\":\"https:\\/\\/github.com\\/michelf\\/php-smartypants\"},\"TextformatterStripTags\":{\"name\":\"TextformatterStripTags\",\"title\":\"Strip Markup Tags\",\"version\":100,\"versionStr\":\"1.0.0\",\"summary\":\"Strips HTML\\/XHTML Markup Tags\",\"created\":1559601034,\"installed\":false,\"configurable\":3,\"namespace\":\"ProcessWire\\\\\",\"core\":true},\"FieldtypeStarRating\":{\"name\":\"FieldtypeStarRating\",\"title\":\"Star Rating Integer\",\"version\":100,\"versionStr\":\"1.0.0\",\"summary\":\"Field that stores ratings as integer\",\"installs\":[\"InputfieldStarRating\"],\"created\":1560942789,\"installed\":false,\"namespace\":\"\\\\\"},\"InputfieldStarRating\":{\"name\":\"InputfieldStarRating\",\"title\":\"Star Rating Integer\",\"version\":100,\"versionStr\":\"1.0.0\",\"summary\":\"Star Rating Integer\",\"created\":1560942789,\"installed\":false,\"namespace\":\"\\\\\"},\"Helloworld\":{\"name\":\"Helloworld\",\"title\":\"Hello World\",\"version\":3,\"versionStr\":\"0.0.3\",\"summary\":\"An example module used for demonstration purposes.\",\"href\":\"https:\\/\\/processwire.com\",\"icon\":\"smile-o\",\"autoload\":true,\"singular\":true,\"created\":1560265519,\"installed\":false}}','2010-04-08 03:10:01'),('ModulesVerbose.info','{\"148\":{\"summary\":\"Minimal admin theme that supports all ProcessWire features.\",\"core\":true,\"versionStr\":\"0.1.4\"},\"156\":{\"summary\":\"Uikit v3 admin theme\",\"core\":true,\"versionStr\":\"0.3.0\"},\"97\":{\"summary\":\"This Fieldtype stores an ON\\/OFF toggle via a single checkbox. The ON value is 1 and OFF value is 0.\",\"core\":true,\"versionStr\":\"1.0.1\"},\"28\":{\"summary\":\"Field that stores a date and optionally time\",\"core\":true,\"versionStr\":\"1.0.4\"},\"29\":{\"summary\":\"Field that stores an e-mail address\",\"core\":true,\"versionStr\":\"1.0.0\"},\"106\":{\"summary\":\"Close a fieldset opened by FieldsetOpen. \",\"core\":true,\"versionStr\":\"1.0.0\"},\"105\":{\"summary\":\"Open a fieldset to group fields. Should be followed by a Fieldset (Close) after one or more fields.\",\"core\":true,\"versionStr\":\"1.0.1\"},\"107\":{\"summary\":\"Open a fieldset to group fields. Same as Fieldset (Open) except that it displays in a tab instead.\",\"core\":true,\"versionStr\":\"1.0.0\"},\"6\":{\"summary\":\"Field that stores one or more files\",\"core\":true,\"versionStr\":\"1.0.5\"},\"89\":{\"summary\":\"Field that stores a floating point (decimal) number\",\"core\":true,\"versionStr\":\"1.0.5\"},\"57\":{\"summary\":\"Field that stores one or more GIF, JPG, or PNG images\",\"core\":true,\"versionStr\":\"1.0.1\"},\"84\":{\"summary\":\"Field that stores an integer\",\"core\":true,\"versionStr\":\"1.0.1\"},\"27\":{\"summary\":\"Field that stores a reference to another module\",\"core\":true,\"versionStr\":\"1.0.1\"},\"4\":{\"summary\":\"Field that stores one or more references to ProcessWire pages\",\"core\":true,\"versionStr\":\"1.0.5\"},\"111\":{\"summary\":\"Field that stores a page title\",\"core\":true,\"versionStr\":\"1.0.0\"},\"133\":{\"summary\":\"Field that stores a hashed and salted password\",\"core\":true,\"versionStr\":\"1.0.1\"},\"161\":{\"summary\":\"Maintains a collection of fields that are repeated for any number of times.\",\"core\":true,\"versionStr\":\"1.0.6\"},\"162\":{\"summary\":\"Repeats fields from another template. Provides the input for FieldtypeRepeater.\",\"core\":true,\"versionStr\":\"1.0.6\"},\"3\":{\"summary\":\"Field that stores a single line of text\",\"core\":true,\"versionStr\":\"1.0.0\"},\"1\":{\"summary\":\"Field that stores multiple lines of text\",\"core\":true,\"versionStr\":\"1.0.7\"},\"135\":{\"summary\":\"Field that stores a URL\",\"core\":true,\"versionStr\":\"1.0.1\"},\"25\":{\"summary\":\"Multiple selection, progressive enhancement to select multiple\",\"core\":true,\"versionStr\":\"1.2.1\"},\"131\":{\"summary\":\"Form button element that you can optionally pass an href attribute to.\",\"core\":true,\"versionStr\":\"1.0.0\"},\"37\":{\"summary\":\"Single checkbox toggle\",\"core\":true,\"versionStr\":\"1.0.5\"},\"38\":{\"summary\":\"Multiple checkbox toggles\",\"core\":true,\"versionStr\":\"1.0.7\"},\"151\":{\"summary\":\"CKEditor textarea rich text editor.\",\"core\":true,\"versionStr\":\"1.6.1\"},\"94\":{\"summary\":\"Inputfield that accepts date and optionally time\",\"core\":true,\"versionStr\":\"1.0.6\"},\"80\":{\"summary\":\"E-Mail address in valid format\",\"core\":true,\"versionStr\":\"1.0.1\"},\"78\":{\"summary\":\"Groups one or more fields together in a container\",\"core\":true,\"versionStr\":\"1.0.1\"},\"55\":{\"summary\":\"One or more file uploads (sortable)\",\"core\":true,\"versionStr\":\"1.2.5\"},\"90\":{\"summary\":\"Floating point number with precision\",\"core\":true,\"versionStr\":\"1.0.3\"},\"30\":{\"summary\":\"Contains one or more fields in a form\",\"core\":true,\"versionStr\":\"1.0.7\"},\"40\":{\"summary\":\"Hidden value in a form\",\"core\":true,\"versionStr\":\"1.0.1\"},\"158\":{\"summary\":\"Select an icon\",\"core\":true,\"versionStr\":\"0.0.2\"},\"56\":{\"summary\":\"One or more image uploads (sortable)\",\"core\":true,\"versionStr\":\"1.2.2\"},\"85\":{\"summary\":\"Integer (positive or negative)\",\"core\":true,\"versionStr\":\"1.0.4\"},\"79\":{\"summary\":\"Contains any other markup and optionally child Inputfields\",\"core\":true,\"versionStr\":\"1.0.2\"},\"41\":{\"summary\":\"Text input validated as a ProcessWire name field\",\"core\":true,\"versionStr\":\"1.0.0\"},\"60\":{\"summary\":\"Select one or more pages\",\"core\":true,\"versionStr\":\"1.0.7\"},\"176\":{\"summary\":\"Multiple Page selection using auto completion and sorting capability. Intended for use as an input field for Page reference fields.\",\"core\":true,\"versionStr\":\"1.1.2\"},\"15\":{\"summary\":\"Selection of a single page from a ProcessWire page tree list\",\"core\":true,\"versionStr\":\"1.0.1\"},\"137\":{\"summary\":\"Selection of multiple pages from a ProcessWire page tree list\",\"core\":true,\"versionStr\":\"1.0.2\"},\"86\":{\"summary\":\"Text input validated as a ProcessWire Page name field\",\"core\":true,\"versionStr\":\"1.0.6\"},\"112\":{\"summary\":\"Handles input of Page Title and auto-generation of Page Name (when name is blank)\",\"core\":true,\"versionStr\":\"1.0.2\"},\"122\":{\"summary\":\"Password input with confirmation field that doesn&#039;t ever echo the input back.\",\"core\":true,\"versionStr\":\"1.0.2\"},\"39\":{\"summary\":\"Radio buttons for selection of a single item\",\"core\":true,\"versionStr\":\"1.0.5\"},\"36\":{\"summary\":\"Selection of a single value from a select pulldown\",\"core\":true,\"versionStr\":\"1.0.2\"},\"43\":{\"summary\":\"Select multiple items from a list\",\"core\":true,\"versionStr\":\"1.0.1\"},\"149\":{\"summary\":\"Build a page finding selector visually.\",\"author\":\"Avoine + ProcessWire\",\"core\":true,\"versionStr\":\"0.2.7\"},\"32\":{\"summary\":\"Form submit button\",\"core\":true,\"versionStr\":\"1.0.2\"},\"34\":{\"summary\":\"Single line of text\",\"core\":true,\"versionStr\":\"1.0.6\"},\"35\":{\"summary\":\"Multiple lines of text\",\"core\":true,\"versionStr\":\"1.0.3\"},\"108\":{\"summary\":\"URL in valid format\",\"core\":true,\"versionStr\":\"1.0.2\"},\"116\":{\"summary\":\"jQuery Core as required by ProcessWire Admin and plugins\",\"href\":\"http:\\/\\/jquery.com\",\"core\":true,\"versionStr\":\"1.8.3\"},\"153\":{\"summary\":\"Provides lightbox capability for image galleries. Replacement for FancyBox. Uses Magnific Popup by @dimsemenov.\",\"href\":\"http:\\/\\/dimsemenov.com\\/plugins\\/magnific-popup\\/\",\"core\":true,\"versionStr\":\"0.0.1\"},\"103\":{\"summary\":\"Provides a jQuery plugin for sorting tables.\",\"href\":\"http:\\/\\/mottie.github.io\\/tablesorter\\/\",\"core\":true,\"versionStr\":\"2.2.1\"},\"117\":{\"summary\":\"jQuery UI as required by ProcessWire and plugins\",\"href\":\"http:\\/\\/ui.jquery.com\",\"core\":true,\"versionStr\":\"1.9.6\"},\"45\":{\"summary\":\"Provides a jQuery plugin for generating tabs in ProcessWire.\",\"core\":true,\"versionStr\":\"1.0.9\"},\"194\":{\"summary\":\"Field that stores a page title in multiple languages. Use this only if you want title inputs created for ALL languages on ALL pages. Otherwise create separate languaged-named title fields, i.e. title_fr, title_es, title_fi, etc. \",\"author\":\"Ryan Cramer\",\"core\":true,\"versionStr\":\"1.0.0\"},\"195\":{\"summary\":\"Field that stores a multiple lines of text in multiple languages\",\"core\":true,\"versionStr\":\"1.0.0\"},\"193\":{\"summary\":\"Field that stores a single line of text in multiple languages\",\"core\":true,\"versionStr\":\"1.0.0\"},\"189\":{\"summary\":\"ProcessWire multi-language support.\",\"author\":\"Ryan Cramer\",\"core\":true,\"versionStr\":\"1.0.3\"},\"192\":{\"summary\":\"Required to use multi-language fields.\",\"author\":\"Ryan Cramer\",\"core\":true,\"versionStr\":\"1.0.0\"},\"196\":{\"summary\":\"Required to use multi-language page names.\",\"author\":\"Ryan Cramer\",\"core\":true,\"versionStr\":\"0.1.0\"},\"197\":{\"summary\":\"Organizes multi-language fields into tabs for a cleaner easier to use interface.\",\"author\":\"adamspruijt, ryan\",\"core\":true,\"versionStr\":\"1.1.4\"},\"190\":{\"summary\":\"Manage system languages\",\"author\":\"Ryan Cramer\",\"core\":true,\"versionStr\":\"1.0.3\",\"permissions\":{\"lang-edit\":\"Administer languages and static translation files\"}},\"191\":{\"summary\":\"Provides language translation capabilities for ProcessWire core and modules.\",\"author\":\"Ryan Cramer\",\"core\":true,\"versionStr\":\"1.0.1\"},\"67\":{\"summary\":\"Generates markup for data tables used by ProcessWire admin\",\"core\":true,\"versionStr\":\"1.0.7\"},\"164\":{\"summary\":\"A simple way to cache segments of markup in your templates. \",\"href\":\"https:\\/\\/processwire.com\\/api\\/modules\\/markupcache\\/\",\"core\":true,\"versionStr\":\"1.0.1\"},\"152\":{\"summary\":\"Front-end to the HTML Purifier library.\",\"core\":true,\"versionStr\":\"4.9.2\"},\"113\":{\"summary\":\"Adds renderPager() method to all PaginatedArray types, for easy pagination output. Plus a render() method to PageArray instances.\",\"core\":true,\"versionStr\":\"1.0.0\"},\"98\":{\"summary\":\"Generates markup for pagination navigation\",\"core\":true,\"versionStr\":\"1.0.5\"},\"114\":{\"summary\":\"Adds various permission methods to Page objects that are used by Process modules.\",\"core\":true,\"versionStr\":\"1.0.5\"},\"115\":{\"summary\":\"Adds a render method to Page and caches page output.\",\"core\":true,\"versionStr\":\"1.0.5\"},\"48\":{\"summary\":\"Edit individual fields that hold page data\",\"core\":true,\"versionStr\":\"1.1.3\",\"searchable\":\"fields\"},\"87\":{\"summary\":\"Acts as a placeholder Process for the admin root. Ensures proper flow control after login.\",\"core\":true,\"versionStr\":\"1.0.1\"},\"76\":{\"summary\":\"Lists the Process assigned to each child page of the current\",\"core\":true,\"versionStr\":\"1.0.1\"},\"157\":{\"summary\":\"View and manage system logs.\",\"author\":\"Ryan Cramer\",\"core\":true,\"versionStr\":\"0.0.1\",\"permissions\":{\"logs-view\":\"Can view system logs\",\"logs-edit\":\"Can manage system logs\"},\"page\":{\"name\":\"logs\",\"parent\":\"setup\",\"title\":\"Logs\"}},\"10\":{\"summary\":\"Login to ProcessWire\",\"core\":true,\"versionStr\":\"1.0.6\"},\"50\":{\"summary\":\"List, edit or install\\/uninstall modules\",\"core\":true,\"versionStr\":\"1.1.8\"},\"17\":{\"summary\":\"Add a new page\",\"core\":true,\"versionStr\":\"1.0.8\"},\"7\":{\"summary\":\"Edit a Page\",\"core\":true,\"versionStr\":\"1.0.9\"},\"129\":{\"summary\":\"Provides image manipulation functions for image fields and rich text editors.\",\"core\":true,\"versionStr\":\"1.2.0\"},\"121\":{\"summary\":\"Provides a link capability as used by some Fieldtype modules (like rich text editors).\",\"core\":true,\"versionStr\":\"1.0.8\"},\"12\":{\"summary\":\"List pages in a hierarchical tree structure\",\"core\":true,\"versionStr\":\"1.2.2\"},\"150\":{\"summary\":\"Admin tool for finding and listing pages by any property.\",\"author\":\"Ryan Cramer\",\"core\":true,\"versionStr\":\"0.2.4\",\"permissions\":{\"page-lister\":\"Use Page Lister\"}},\"104\":{\"summary\":\"Provides a page search engine for admin use.\",\"core\":true,\"versionStr\":\"1.0.6\"},\"14\":{\"summary\":\"Handles page sorting and moving for PageList\",\"core\":true,\"versionStr\":\"1.0.0\"},\"109\":{\"summary\":\"Handles emptying of Page trash\",\"core\":true,\"versionStr\":\"1.0.3\"},\"134\":{\"summary\":\"List, Edit and Add pages of a specific type\",\"core\":true,\"versionStr\":\"1.0.1\"},\"83\":{\"summary\":\"All page views are routed through this Process\",\"core\":true,\"versionStr\":\"1.0.4\"},\"136\":{\"summary\":\"Manage system permissions\",\"core\":true,\"versionStr\":\"1.0.1\"},\"138\":{\"summary\":\"Enables user to change their password, email address and other settings that you define.\",\"core\":true,\"versionStr\":\"1.0.4\"},\"155\":{\"summary\":\"Shows a list of recently edited pages in your admin.\",\"author\":\"Ryan Cramer\",\"href\":\"http:\\/\\/modules.processwire.com\\/\",\"core\":true,\"versionStr\":\"0.0.2\",\"permissions\":{\"page-edit-recent\":\"Can see recently edited pages\"},\"page\":{\"name\":\"recent-pages\",\"parent\":\"page\",\"title\":\"Recent\"}},\"68\":{\"summary\":\"Manage user roles and what permissions are attached\",\"core\":true,\"versionStr\":\"1.0.4\"},\"47\":{\"summary\":\"List and edit the templates that control page output\",\"core\":true,\"versionStr\":\"1.1.4\",\"searchable\":\"templates\"},\"66\":{\"summary\":\"Manage system users\",\"core\":true,\"versionStr\":\"1.0.7\",\"searchable\":\"users\"},\"125\":{\"summary\":\"Throttles login attempts to help prevent dictionary attacks.\",\"core\":true,\"versionStr\":\"1.0.3\"},\"139\":{\"summary\":\"Manages system versions and upgrades.\",\"core\":true,\"versionStr\":\"0.1.6\"},\"61\":{\"summary\":\"Entity encode ampersands, quotes (single and double) and greater-than\\/less-than signs using htmlspecialchars(str, ENT_QUOTES). It is recommended that you use this on all text\\/textarea fields except those using a rich text editor or a markup language like Markdown.\",\"core\":true,\"versionStr\":\"1.0.0\"},\"159\":{\"summary\":\"AIOM+ (All In One Minify) is a module to easily improve the performance of your website. By a simple function call Stylesheets, LESS  and Javascript files can be parsed, minimized and combined into one single file. This reduces the server requests, loading time and minimizes the traffic. In addition, the generated HTML source code can be minimized and all generated files can be loaded over a cookieless domain (domain sharding).\",\"author\":\"David Karich & Conclurer GbR\",\"href\":\"https:\\/\\/github.com\\/conclurer\\/ProcessWire-AIOM-All-In-One-Minify\",\"versionStr\":\"3.1.4\"},\"174\":{\"summary\":\"Field that stores an address with latitude and longitude coordinates and has built-in geocoding capability with Google Maps API.\",\"versionStr\":\"2.0.9\"},\"175\":{\"summary\":\"Provides input for the MapMarker Fieldtype\",\"versionStr\":\"2.0.9\"},\"177\":{\"summary\":\"Renders Google Maps for the MapMarker Fieldtype\",\"versionStr\":\"1.0.1\"},\"160\":{\"summary\":\"An example module to get browser-update.org snippet on the page.\",\"href\":\"http:\\/\\/browser-update.org\",\"versionStr\":\"1.0.0\"},\"198\":{\"summary\":\"Google reCAPTCHA for ProcessWire\",\"author\":\"flydev\",\"href\":\"https:\\/\\/processwire.com\\/talk\\/topic\\/13738-markup-google-recaptcha\\/\",\"versionStr\":\"2.0.0\"}}','2010-04-08 03:10:01'),('Modules.site/modules/','AllInOneMinify/AllInOneMinify.module\nFieldtypeMapMarker/FieldtypeMapMarker.module\nFieldtypeMapMarker/InputfieldMapMarker.module\nFieldtypeMapMarker/MarkupGoogleMap.module\nFieldtypeStarRating/FieldtypeStarRating.module\nFieldtypeStarRating/InputfieldStarRating.module\nHelloworld/Helloworld.module\nMarkupBrowserUpdate/MarkupBrowserUpdate.module\nMarkupGoogleRecaptcha/MarkupGoogleRecaptcha.module','2010-04-08 03:10:01'),('FileCompiler__36958b645685df7344430db518ed28d2','{\"source\":{\"file\":\"C:\\/My workspace\\/processwire-dev\\/site\\/templates\\/home.php\",\"hash\":\"47f67701917179d1afe6b772a7b386d1\",\"size\":7783,\"time\":1561483768,\"ns\":\"\\\\\"},\"target\":{\"file\":\"C:\\/My workspace\\/processwire-dev\\/site\\/assets\\/cache\\/FileCompiler\\/site\\/templates\\/home.php\",\"hash\":\"b3ce6e704979b01f8cd096d1385bce18\",\"size\":8725,\"time\":1561483768}}','2010-04-08 03:10:10'),('FileCompiler__a0a446c4a9225dca85cb871ec4c4b1bf','{\"source\":{\"file\":\"C:\\/My workspace\\/processwire-dev\\/site\\/templates\\/head.inc\",\"hash\":\"b249f8f22889c486ba88a5b53c6846ae\",\"size\":5280,\"time\":1559601034,\"ns\":\"\\\\\"},\"target\":{\"file\":\"C:\\/My workspace\\/processwire-dev\\/site\\/assets\\/cache\\/FileCompiler\\/site\\/templates\\/head.inc\",\"hash\":\"1984cd9e77419fd156959677c8dbf092\",\"size\":5292,\"time\":1559601034}}','2010-04-08 03:10:10'),('FileCompiler__7bffdb978ff92d7f32a161d0f68d40e4','{\"source\":{\"file\":\"C:\\/My workspace\\/processwire-dev\\/site\\/templates\\/foot.inc\",\"hash\":\"003d5e289aa6d288f497706f9ad7f10b\",\"size\":948,\"time\":1559601034,\"ns\":\"\\\\\"},\"target\":{\"file\":\"C:\\/My workspace\\/processwire-dev\\/site\\/assets\\/cache\\/FileCompiler\\/site\\/templates\\/foot.inc\",\"hash\":\"003d5e289aa6d288f497706f9ad7f10b\",\"size\":948,\"time\":1559601034}}','2010-04-08 03:10:10'),('FileCompiler__77134264a86db707b65690d58e0f1bae','{\"source\":{\"file\":\"C:\\/My workspace\\/processwire-dev\\/site\\/templates\\/includes\\/head.inc\",\"hash\":\"3371c79453ea3ed7e35ff3e2838e2ea4\",\"size\":16488,\"time\":1561483993,\"ns\":\"ProcessWire\"},\"target\":{\"file\":\"C:\\/My workspace\\/processwire-dev\\/site\\/assets\\/cache\\/FileCompiler\\/site\\/templates\\/includes\\/head.inc\",\"hash\":\"3371c79453ea3ed7e35ff3e2838e2ea4\",\"size\":16488,\"time\":1561483993}}','2010-04-08 03:10:10'),('FileCompiler__ae1e0afe9efb3f33473f20aa04b0d52f','{\"source\":{\"file\":\"C:\\/My workspace\\/processwire-dev\\/site\\/templates\\/includes\\/contact.inc\",\"hash\":\"e3511ebd2f359686e84abdfb2416d400\",\"size\":2348,\"time\":1561329520,\"ns\":\"\\\\\"},\"target\":{\"file\":\"C:\\/My workspace\\/processwire-dev\\/site\\/assets\\/cache\\/FileCompiler\\/site\\/templates\\/includes\\/contact.inc\",\"hash\":\"c492dd4e1656bb1010998fb43fbf46ed\",\"size\":2426,\"time\":1561329520}}','2010-04-08 03:10:10'),('FileCompiler__d5fcdafb7e2b47414b183f4469b09b4a','{\"source\":{\"file\":\"C:\\/My workspace\\/processwire-dev\\/site\\/templates\\/admin.php\",\"hash\":\"9636f854995462a4cb877cb1204bc2fe\",\"size\":467,\"time\":1559601034,\"ns\":\"ProcessWire\"},\"target\":{\"file\":\"C:\\/My workspace\\/processwire-dev\\/site\\/assets\\/cache\\/FileCompiler\\/site\\/templates\\/admin.php\",\"hash\":\"9636f854995462a4cb877cb1204bc2fe\",\"size\":467,\"time\":1559601034}}','2010-04-08 03:10:10'),('FileCompiler__6da622feb942269ab36c01075279afaf','{\"source\":{\"file\":\"C:\\/My workspace\\/processwire-dev\\/site\\/templates\\/includes\\/foot.inc\",\"hash\":\"0b6fcfeb0a8cf211dda9c5d8fa8c5d7b\",\"size\":2626,\"time\":1561405917,\"ns\":\"\\\\\"},\"target\":{\"file\":\"C:\\/My workspace\\/processwire-dev\\/site\\/assets\\/cache\\/FileCompiler\\/site\\/templates\\/includes\\/foot.inc\",\"hash\":\"66a61fe5b6396cb6d2c6d6b40a5db32a\",\"size\":2652,\"time\":1561405917}}','2010-04-08 03:10:10'),('FileCompiler__c75255753e289b0511ce877637ad73dd','{\"source\":{\"file\":\"C:\\/My workspace\\/processwire-dev\\/site\\/templates\\/basic-page.php\",\"hash\":\"117a034e43ad3d6c70c72ba2872497c7\",\"size\":123,\"time\":1559833817,\"ns\":\"\\\\\"},\"target\":{\"file\":\"C:\\/My workspace\\/processwire-dev\\/site\\/assets\\/cache\\/FileCompiler\\/site\\/templates\\/basic-page.php\",\"hash\":\"aa6e1960e467e2ad4259fc485ce6638d\",\"size\":475,\"time\":1559833817}}','2010-04-08 03:10:10'),('FileCompiler__0e2713935a4645e22ab96ff9385c28df','{\"source\":{\"file\":\"C:\\/My workspace\\/processwire-dev\\/site\\/modules\\/AllInOneMinify\\/AllInOneMinify.module\",\"hash\":\"ed05f1521cf18851aea18aeacec6bddd\",\"size\":58251,\"time\":1469736774,\"ns\":\"\\\\\"},\"target\":{\"file\":\"C:\\/My workspace\\/processwire-dev\\/site\\/assets\\/cache\\/FileCompiler\\/site\\/modules\\/AllInOneMinify\\/AllInOneMinify.module\",\"hash\":\"e71bca1f8e666f99fd1851ad0deb6e1c\",\"size\":60055,\"time\":1469736774}}','2010-04-08 03:10:10'),('FileCompiler__cdcf0d7ec68f3af605e541d1dbf14f17','{\"source\":{\"file\":\"C:\\/My workspace\\/processwire-dev\\/site\\/modules\\/MarkupBrowserUpdate\\/MarkupBrowserUpdate.module\",\"hash\":\"2bc28de4a5b81a62da8312c3c6c35bd3\",\"size\":4263,\"time\":1469736774,\"ns\":\"\\\\\"},\"target\":{\"file\":\"C:\\/My workspace\\/processwire-dev\\/site\\/assets\\/cache\\/FileCompiler\\/site\\/modules\\/MarkupBrowserUpdate\\/MarkupBrowserUpdate.module\",\"hash\":\"1d0f24d1f57d87a6ebdd89fb2f693065\",\"size\":4419,\"time\":1469736774}}','2010-04-08 03:10:10'),('FileCompiler__2940753ae379994868bc81371ab9c981','{\"source\":{\"file\":\"C:\\/My workspace\\/processwire-dev\\/site\\/templates\\/includes\\/testimonial.inc\",\"hash\":\"2d2f9918746f1ad9dce117167c208334\",\"size\":2422,\"time\":1561341416,\"ns\":\"\\\\\"},\"target\":{\"file\":\"C:\\/My workspace\\/processwire-dev\\/site\\/assets\\/cache\\/FileCompiler\\/site\\/templates\\/includes\\/testimonial.inc\",\"hash\":\"2d2f9918746f1ad9dce117167c208334\",\"size\":2422,\"time\":1561341416}}','2010-04-08 03:10:10'),('FileCompiler__8667a7175f9a2eeb703efe63611de4f9','{\"source\":{\"file\":\"C:\\/My workspace\\/processwire-dev\\/site\\/templates\\/includes\\/besetzung.inc\",\"hash\":\"140eeda0b166939ec51ec43ba53cafa0\",\"size\":1456,\"time\":1559846222,\"ns\":\"\\\\\"},\"target\":{\"file\":\"C:\\/My workspace\\/processwire-dev\\/site\\/assets\\/cache\\/FileCompiler\\/site\\/templates\\/includes\\/besetzung.inc\",\"hash\":\"140eeda0b166939ec51ec43ba53cafa0\",\"size\":1456,\"time\":1559846222}}','2010-04-08 03:10:10'),('FileCompiler__6755a18ae2a84696a86cf607b5116293','{\"source\":{\"file\":\"C:\\/My workspace\\/processwire-dev\\/site\\/templates\\/includes\\/featured_partner.inc\",\"hash\":\"83b86256262aca28f3ffc0b3e40bdf75\",\"size\":472,\"time\":1560419603,\"ns\":\"\\\\\"},\"target\":{\"file\":\"C:\\/My workspace\\/processwire-dev\\/site\\/assets\\/cache\\/FileCompiler\\/site\\/templates\\/includes\\/featured_partner.inc\",\"hash\":\"83b86256262aca28f3ffc0b3e40bdf75\",\"size\":472,\"time\":1560419603}}','2010-04-08 03:10:10'),('FileCompiler__46e9b8aabb544fb047ae260e55d3c855','{\"source\":{\"file\":\"C:\\/My workspace\\/processwire-dev\\/site\\/modules\\/FieldtypeMapMarker\\/FieldtypeMapMarker.module\",\"hash\":\"c7bbf8b170a6522aceb828af8f9aa765\",\"size\":7833,\"time\":1560437797,\"ns\":\"\\\\\"},\"target\":{\"file\":\"C:\\/My workspace\\/processwire-dev\\/site\\/assets\\/cache\\/FileCompiler\\/site\\/modules\\/FieldtypeMapMarker\\/FieldtypeMapMarker.module\",\"hash\":\"43b43c720b322303a15b4a981fd76d55\",\"size\":8333,\"time\":1560437797}}','2010-04-08 03:10:10'),('FileCompiler__76e4bb6bcc223dabc03a2e3be6c322b8','{\"source\":{\"file\":\"C:\\/My workspace\\/processwire-dev\\/site\\/modules\\/FieldtypeMapMarker\\/InputfieldMapMarker.module\",\"hash\":\"7baee363a016fa292a480b4be47ad9a3\",\"size\":10470,\"time\":1560437797,\"ns\":\"\\\\\"},\"target\":{\"file\":\"C:\\/My workspace\\/processwire-dev\\/site\\/assets\\/cache\\/FileCompiler\\/site\\/modules\\/FieldtypeMapMarker\\/InputfieldMapMarker.module\",\"hash\":\"c3d11ba227a8b1ff482f0202d94053ca\",\"size\":10776,\"time\":1560437797}}','2010-04-08 03:10:10'),('FileCompiler__e92c158d567715ab9f2f142f511bcb90','{\"source\":{\"file\":\"C:\\/My workspace\\/processwire-dev\\/site\\/modules\\/FieldtypeMapMarker\\/MarkupGoogleMap.module\",\"hash\":\"241030f3dc29515e601755ec3655e30f\",\"size\":8140,\"time\":1560437797,\"ns\":\"\\\\\"},\"target\":{\"file\":\"C:\\/My workspace\\/processwire-dev\\/site\\/assets\\/cache\\/FileCompiler\\/site\\/modules\\/FieldtypeMapMarker\\/MarkupGoogleMap.module\",\"hash\":\"d5652d21155c430780b365f93c859bf3\",\"size\":8428,\"time\":1560437797}}','2010-04-08 03:10:10'),('FileCompiler__b751b8ea830ebf98fd5e0ce001464f08','{\"source\":{\"file\":\"C:\\/My workspace\\/processwire-dev\\/site\\/modules\\/FieldtypeCommentsRating\\/CommentFilter.php\",\"hash\":\"e2fb3fe50a741aaae904c5e07fe5d61f\",\"size\":2292,\"time\":1439366855,\"ns\":\"\\\\\"},\"target\":{\"file\":\"C:\\/My workspace\\/processwire-dev\\/site\\/assets\\/cache\\/FileCompiler\\/site\\/modules\\/FieldtypeCommentsRating\\/CommentFilter.php\",\"hash\":\"96a43d844d8cdf17798cebf94c9e411a\",\"size\":2305,\"time\":1439366855}}','2010-04-08 03:10:10'),('FileCompiler__8a55e1b3f1a295d7c7a0abb49ad7c38a','{\"source\":{\"file\":\"C:\\/My workspace\\/processwire-dev\\/site\\/modules\\/FieldtypeMapMarker\\/MapMarker.php\",\"hash\":\"69086227b4fffbe1f047199d9c174127\",\"size\":3324,\"time\":1560437797,\"ns\":\"\\\\\"},\"target\":{\"file\":\"C:\\/My workspace\\/processwire-dev\\/site\\/assets\\/cache\\/FileCompiler\\/site\\/modules\\/FieldtypeMapMarker\\/MapMarker.php\",\"hash\":\"0b492fa8d2a75dda461ac619ab34b302\",\"size\":3363,\"time\":1560437797}}','2010-04-08 03:10:10'),('FileCompiler__d8809aaa6ec0a29ae381e05c736487e3','{\"source\":{\"file\":\"C:\\/My workspace\\/processwire-dev\\/site\\/templates\\/data-policy.php\",\"hash\":\"4118061c9270eb7c6783807ee3980128\",\"size\":732,\"time\":1560758229,\"ns\":\"\\\\\"},\"target\":{\"file\":\"C:\\/My workspace\\/processwire-dev\\/site\\/assets\\/cache\\/FileCompiler\\/site\\/templates\\/data-policy.php\",\"hash\":\"dd804ab693dd1b741fd8adf9b46ed320\",\"size\":1084,\"time\":1560758229}}','2010-04-08 03:10:10'),('FileCompiler__066fb8ef0fbbfdccd3eea27456cac658','{\"source\":{\"file\":\"C:\\/My workspace\\/processwire-dev\\/site\\/templates\\/impressum.php\",\"hash\":\"675867e59b99af82a5273b1f1e4dbe1d\",\"size\":490,\"time\":1560758296,\"ns\":\"\\\\\"},\"target\":{\"file\":\"C:\\/My workspace\\/processwire-dev\\/site\\/assets\\/cache\\/FileCompiler\\/site\\/templates\\/impressum.php\",\"hash\":\"4209460c6b50e97b35d48ecc7c32dde4\",\"size\":842,\"time\":1560758296}}','2010-04-08 03:10:10'),('FileCompiler__5bca1886d4eb49c6908dd8546996ebeb','{\"source\":{\"file\":\"C:\\/My workspace\\/processwire-dev\\/site\\/templates\\/job_overview.php\",\"hash\":\"97cae959172c2b0ed0f88f77f6526b82\",\"size\":3843,\"time\":1561405683,\"ns\":\"\\\\\"},\"target\":{\"file\":\"C:\\/My workspace\\/processwire-dev\\/site\\/assets\\/cache\\/FileCompiler\\/site\\/templates\\/job_overview.php\",\"hash\":\"9109c3d74254580853a9852c081645f0\",\"size\":4338,\"time\":1561405683}}','2010-04-08 03:10:10'),('FileCompiler__c2aca241d4cc2a0b8172cdcc6ce8caac','{\"source\":{\"file\":\"C:\\/My workspace\\/processwire-dev\\/site\\/templates\\/job.php\",\"hash\":\"453de8b5fac65d0040432a1379c2e65f\",\"size\":5617,\"time\":1561346334,\"ns\":\"\\\\\"},\"target\":{\"file\":\"C:\\/My workspace\\/processwire-dev\\/site\\/assets\\/cache\\/FileCompiler\\/site\\/templates\\/job.php\",\"hash\":\"5ab65f900c805b5381c2c19cfd102a1c\",\"size\":6060,\"time\":1561346334}}','2010-04-08 03:10:10'),('FileCompiler__e7fbfbfb603082310c4a442d068a4736','{\"source\":{\"file\":\"C:\\/My workspace\\/processwire-dev\\/site\\/modules\\/PageRatings\\/PageRatings.module\",\"hash\":\"a919e27d197525263c4a629774686554\",\"size\":5089,\"time\":1412968404,\"ns\":\"\\\\\"},\"target\":{\"file\":\"C:\\/My workspace\\/processwire-dev\\/site\\/assets\\/cache\\/FileCompiler\\/site\\/modules\\/PageRatings\\/PageRatings.module\",\"hash\":\"d595d422546c465c64bfc697915414a7\",\"size\":5361,\"time\":1412968404}}','2010-04-08 03:10:10'),('FileCompiler__03224a9abe8aa99399af3b79dae975b7','{\"source\":{\"file\":\"C:\\/My workspace\\/processwire-dev\\/site\\/modules\\/FieldtypeCommentsRating\\/CommentFilterAkismet.module\",\"hash\":\"98bc825f4ddd29f6eb98e51dc4c4de30\",\"size\":3923,\"time\":1439366855,\"ns\":\"\\\\\"},\"target\":{\"file\":\"C:\\/My workspace\\/processwire-dev\\/site\\/assets\\/cache\\/FileCompiler\\/site\\/modules\\/FieldtypeCommentsRating\\/CommentFilterAkismet.module\",\"hash\":\"358f838693d0b4ea238cf75321113ebe\",\"size\":4491,\"time\":1439366855}}','2010-04-08 03:10:10'),('FileCompiler__d38e203fd2f7026ebc82566354db7db0','{\"source\":{\"file\":\"C:\\/My workspace\\/processwire-dev\\/site\\/modules\\/FieldTypeRate\\/FieldtypeRate.module\",\"hash\":\"af3487acd3980e52b4bdc45f2a99dbe2\",\"size\":3180,\"time\":1489075785,\"ns\":\"\\\\\"},\"target\":{\"file\":\"C:\\/My workspace\\/processwire-dev\\/site\\/assets\\/cache\\/FileCompiler\\/site\\/modules\\/FieldTypeRate\\/FieldtypeRate.module\",\"hash\":\"6aa3dd0f68ee457994a03680e59a423a\",\"size\":3582,\"time\":1489075785}}','2010-04-08 03:10:10'),('FileCompiler__b85f4d7f40ef89c389cee3b1e7fed5b3','{\"source\":{\"file\":\"C:\\/My workspace\\/processwire-dev\\/site\\/modules\\/FieldtypeCommentsRating\\/FieldtypeCommentsRating.module\",\"hash\":\"016987d7e6a7d19d68010bde6fea0576\",\"size\":51659,\"time\":1439470276,\"ns\":\"\\\\\"},\"target\":{\"file\":\"C:\\/My workspace\\/processwire-dev\\/site\\/assets\\/cache\\/FileCompiler\\/site\\/modules\\/FieldtypeCommentsRating\\/FieldtypeCommentsRating.module\",\"hash\":\"c450368764a8a33834964c33eb807d30\",\"size\":53595,\"time\":1439470276}}','2010-04-08 03:10:10'),('FileCompiler__b6a3a88b44f8c37496e3703db1f4d3d6','{\"source\":{\"file\":\"C:\\/My workspace\\/processwire-dev\\/site\\/modules\\/FieldtypeCommentsRating\\/Comment.php\",\"hash\":\"016ebddab45c93302f3a0dc5cc192845\",\"size\":9075,\"time\":1439371591,\"ns\":\"\\\\\"},\"target\":{\"file\":\"C:\\/My workspace\\/processwire-dev\\/site\\/assets\\/cache\\/FileCompiler\\/site\\/modules\\/FieldtypeCommentsRating\\/Comment.php\",\"hash\":\"e9f55fbe1428b22c8236889380296f14\",\"size\":9140,\"time\":1439371591}}','2010-04-08 03:10:10'),('FileCompiler__3a7e40e275bbce8dcc4e562db096901c','{\"source\":{\"file\":\"C:\\/My workspace\\/processwire-dev\\/site\\/modules\\/FieldtypeCommentsRating\\/CommentArray.php\",\"hash\":\"9b73803237222c405278e6cae233c923\",\"size\":4863,\"time\":1439367030,\"ns\":\"\\\\\"},\"target\":{\"file\":\"C:\\/My workspace\\/processwire-dev\\/site\\/assets\\/cache\\/FileCompiler\\/site\\/modules\\/FieldtypeCommentsRating\\/CommentArray.php\",\"hash\":\"31ce4583e6ec3d1ceafca10dff48d33c\",\"size\":4928,\"time\":1439367030}}','2010-04-08 03:10:10'),('FileCompiler__fed2c35fa3929da8d2a7069b9133bbfb','{\"source\":{\"file\":\"C:\\/My workspace\\/processwire-dev\\/site\\/modules\\/FieldtypeCommentsRating\\/CommentList.php\",\"hash\":\"dff94b6fcffd5db799941f1d1c2d13bd\",\"size\":10906,\"time\":1439366988,\"ns\":\"\\\\\"},\"target\":{\"file\":\"C:\\/My workspace\\/processwire-dev\\/site\\/assets\\/cache\\/FileCompiler\\/site\\/modules\\/FieldtypeCommentsRating\\/CommentList.php\",\"hash\":\"f48e8a5a141459af19db69437e07e38f\",\"size\":11141,\"time\":1439366988}}','2010-04-08 03:10:10'),('FileCompiler__6ee4ade6ca70a1e717099ea2205521c3','{\"source\":{\"file\":\"C:\\/My workspace\\/processwire-dev\\/site\\/modules\\/FieldtypeCommentsRating\\/CommentForm.php\",\"hash\":\"fade27247bccc2b843d055ddacd17826\",\"size\":19166,\"time\":1439563940,\"ns\":\"\\\\\"},\"target\":{\"file\":\"C:\\/My workspace\\/processwire-dev\\/site\\/assets\\/cache\\/FileCompiler\\/site\\/modules\\/FieldtypeCommentsRating\\/CommentForm.php\",\"hash\":\"89b537aafbeb4f33feb8d6104f470ffa\",\"size\":19218,\"time\":1439563940}}','2010-04-08 03:10:10'),('FileCompiler__539aed5bb53ddf2d299de72647e5dfe7','{\"source\":{\"file\":\"C:\\/My workspace\\/processwire-dev\\/site\\/modules\\/FieldtypeCommentsRating\\/InputfieldCommentsRatingAdmin.module\",\"hash\":\"3c3dbf26350a601360e975e770665f13\",\"size\":7524,\"time\":1439470573,\"ns\":\"\\\\\"},\"target\":{\"file\":\"C:\\/My workspace\\/processwire-dev\\/site\\/assets\\/cache\\/FileCompiler\\/site\\/modules\\/FieldtypeCommentsRating\\/InputfieldCommentsRatingAdmin.module\",\"hash\":\"a2a5a6863410a757dfc0abd3de6ebdb1\",\"size\":7800,\"time\":1439470573}}','2010-04-08 03:10:10'),('Permissions.names','{\"lang-edit\":1221,\"logs-edit\":1013,\"logs-view\":1012,\"page-delete\":34,\"page-edit\":32,\"page-edit-recent\":1010,\"page-lister\":1006,\"page-lock\":54,\"page-move\":35,\"page-sort\":50,\"page-template\":51,\"page-view\":36,\"profile-edit\":53,\"user-admin\":52}','2010-04-08 03:10:10'),('Modules.info','{\"148\":{\"name\":\"AdminThemeDefault\",\"title\":\"Default\",\"version\":14,\"autoload\":\"template=admin\",\"created\":1559855234,\"configurable\":19,\"namespace\":\"ProcessWire\\\\\"},\"156\":{\"name\":\"AdminThemeUikit\",\"title\":\"Uikit\",\"version\":30,\"requiresVersions\":{\"ProcessWire\":[\">=\",\"3.0.100\"]},\"autoload\":\"template=admin\",\"created\":1559855260,\"configurable\":4,\"namespace\":\"ProcessWire\\\\\"},\"97\":{\"name\":\"FieldtypeCheckbox\",\"title\":\"Checkbox\",\"version\":101,\"singular\":1,\"created\":1559855234,\"namespace\":\"ProcessWire\\\\\",\"permanent\":true},\"28\":{\"name\":\"FieldtypeDatetime\",\"title\":\"Datetime\",\"version\":104,\"created\":1559855234,\"namespace\":\"ProcessWire\\\\\"},\"29\":{\"name\":\"FieldtypeEmail\",\"title\":\"E-Mail\",\"version\":100,\"created\":1559855234,\"namespace\":\"ProcessWire\\\\\"},\"106\":{\"name\":\"FieldtypeFieldsetClose\",\"title\":\"Fieldset (Close)\",\"version\":100,\"singular\":1,\"created\":1559855234,\"namespace\":\"ProcessWire\\\\\",\"permanent\":true},\"105\":{\"name\":\"FieldtypeFieldsetOpen\",\"title\":\"Fieldset (Open)\",\"version\":101,\"singular\":1,\"created\":1559855234,\"namespace\":\"ProcessWire\\\\\",\"permanent\":true},\"107\":{\"name\":\"FieldtypeFieldsetTabOpen\",\"title\":\"Fieldset in Tab (Open)\",\"version\":100,\"singular\":1,\"created\":1559855234,\"namespace\":\"ProcessWire\\\\\",\"permanent\":true},\"6\":{\"name\":\"FieldtypeFile\",\"title\":\"Files\",\"version\":105,\"created\":1559855234,\"namespace\":\"ProcessWire\\\\\",\"permanent\":true},\"89\":{\"name\":\"FieldtypeFloat\",\"title\":\"Float\",\"version\":105,\"singular\":true,\"created\":1559855234,\"namespace\":\"ProcessWire\\\\\",\"permanent\":true},\"57\":{\"name\":\"FieldtypeImage\",\"title\":\"Images\",\"version\":101,\"created\":1559855234,\"namespace\":\"ProcessWire\\\\\",\"permanent\":true},\"84\":{\"name\":\"FieldtypeInteger\",\"title\":\"Integer\",\"version\":101,\"created\":1559855234,\"namespace\":\"ProcessWire\\\\\",\"permanent\":true},\"27\":{\"name\":\"FieldtypeModule\",\"title\":\"Module Reference\",\"version\":101,\"created\":1559855234,\"namespace\":\"ProcessWire\\\\\",\"permanent\":true},\"4\":{\"name\":\"FieldtypePage\",\"title\":\"Page Reference\",\"version\":105,\"created\":1559855234,\"configurable\":3,\"namespace\":\"ProcessWire\\\\\",\"permanent\":true},\"111\":{\"name\":\"FieldtypePageTitle\",\"title\":\"Page Title\",\"version\":100,\"singular\":1,\"created\":1559855234,\"namespace\":\"ProcessWire\\\\\",\"permanent\":true},\"133\":{\"name\":\"FieldtypePassword\",\"title\":\"Password\",\"version\":101,\"singular\":true,\"created\":1559855234,\"namespace\":\"ProcessWire\\\\\",\"permanent\":true},\"161\":{\"name\":\"FieldtypeRepeater\",\"title\":\"Repeater\",\"version\":106,\"installs\":[\"InputfieldRepeater\"],\"autoload\":true,\"singular\":true,\"created\":1559868679,\"configurable\":3,\"namespace\":\"ProcessWire\\\\\"},\"162\":{\"name\":\"InputfieldRepeater\",\"title\":\"Repeater\",\"version\":106,\"requiresVersions\":{\"FieldtypeRepeater\":[\">=\",0]},\"created\":1559868679,\"namespace\":\"ProcessWire\\\\\"},\"3\":{\"name\":\"FieldtypeText\",\"title\":\"Text\",\"version\":100,\"created\":1559855234,\"namespace\":\"ProcessWire\\\\\",\"permanent\":true},\"1\":{\"name\":\"FieldtypeTextarea\",\"title\":\"Textarea\",\"version\":107,\"created\":1559855234,\"namespace\":\"ProcessWire\\\\\",\"permanent\":true},\"135\":{\"name\":\"FieldtypeURL\",\"title\":\"URL\",\"version\":101,\"singular\":1,\"created\":1559855234,\"namespace\":\"ProcessWire\\\\\",\"permanent\":true},\"25\":{\"name\":\"InputfieldAsmSelect\",\"title\":\"asmSelect\",\"version\":121,\"created\":1559855234,\"namespace\":\"ProcessWire\\\\\",\"permanent\":true},\"131\":{\"name\":\"InputfieldButton\",\"title\":\"Button\",\"version\":100,\"created\":1559855234,\"namespace\":\"ProcessWire\\\\\",\"permanent\":true},\"37\":{\"name\":\"InputfieldCheckbox\",\"title\":\"Checkbox\",\"version\":105,\"created\":1559855234,\"namespace\":\"ProcessWire\\\\\",\"permanent\":true},\"38\":{\"name\":\"InputfieldCheckboxes\",\"title\":\"Checkboxes\",\"version\":107,\"created\":1559855234,\"namespace\":\"ProcessWire\\\\\",\"permanent\":true},\"151\":{\"name\":\"InputfieldCKEditor\",\"title\":\"CKEditor\",\"version\":161,\"installs\":[\"MarkupHTMLPurifier\"],\"created\":1559855234,\"namespace\":\"ProcessWire\\\\\"},\"94\":{\"name\":\"InputfieldDatetime\",\"title\":\"Datetime\",\"version\":106,\"created\":1559855234,\"namespace\":\"ProcessWire\\\\\",\"permanent\":true},\"80\":{\"name\":\"InputfieldEmail\",\"title\":\"Email\",\"version\":101,\"created\":1559855234,\"namespace\":\"ProcessWire\\\\\"},\"78\":{\"name\":\"InputfieldFieldset\",\"title\":\"Fieldset\",\"version\":101,\"created\":1559855234,\"namespace\":\"ProcessWire\\\\\",\"permanent\":true},\"55\":{\"name\":\"InputfieldFile\",\"title\":\"Files\",\"version\":125,\"created\":1559855234,\"namespace\":\"ProcessWire\\\\\",\"permanent\":true},\"90\":{\"name\":\"InputfieldFloat\",\"title\":\"Float\",\"version\":103,\"created\":1559855234,\"namespace\":\"ProcessWire\\\\\",\"permanent\":true},\"30\":{\"name\":\"InputfieldForm\",\"title\":\"Form\",\"version\":107,\"created\":1559855234,\"namespace\":\"ProcessWire\\\\\",\"permanent\":true},\"40\":{\"name\":\"InputfieldHidden\",\"title\":\"Hidden\",\"version\":101,\"created\":1559855234,\"namespace\":\"ProcessWire\\\\\",\"permanent\":true},\"158\":{\"name\":\"InputfieldIcon\",\"title\":\"Icon\",\"version\":2,\"created\":1559855267,\"namespace\":\"ProcessWire\\\\\"},\"56\":{\"name\":\"InputfieldImage\",\"title\":\"Images\",\"version\":122,\"created\":1559855234,\"namespace\":\"ProcessWire\\\\\",\"permanent\":true},\"85\":{\"name\":\"InputfieldInteger\",\"title\":\"Integer\",\"version\":104,\"created\":1559855234,\"namespace\":\"ProcessWire\\\\\",\"permanent\":true},\"79\":{\"name\":\"InputfieldMarkup\",\"title\":\"Markup\",\"version\":102,\"created\":1559855234,\"namespace\":\"ProcessWire\\\\\",\"permanent\":true},\"41\":{\"name\":\"InputfieldName\",\"title\":\"Name\",\"version\":100,\"created\":1559855234,\"namespace\":\"ProcessWire\\\\\",\"permanent\":true},\"60\":{\"name\":\"InputfieldPage\",\"title\":\"Page\",\"version\":107,\"created\":1559855234,\"configurable\":3,\"namespace\":\"ProcessWire\\\\\",\"permanent\":true},\"176\":{\"name\":\"InputfieldPageAutocomplete\",\"title\":\"Page Auto Complete\",\"version\":112,\"created\":1560779918,\"namespace\":\"ProcessWire\\\\\"},\"15\":{\"name\":\"InputfieldPageListSelect\",\"title\":\"Page List Select\",\"version\":101,\"created\":1559855234,\"namespace\":\"ProcessWire\\\\\",\"permanent\":true},\"137\":{\"name\":\"InputfieldPageListSelectMultiple\",\"title\":\"Page List Select Multiple\",\"version\":102,\"created\":1559855234,\"namespace\":\"ProcessWire\\\\\",\"permanent\":true},\"86\":{\"name\":\"InputfieldPageName\",\"title\":\"Page Name\",\"version\":106,\"created\":1559855234,\"configurable\":3,\"namespace\":\"ProcessWire\\\\\",\"permanent\":true},\"112\":{\"name\":\"InputfieldPageTitle\",\"title\":\"Page Title\",\"version\":102,\"created\":1559855234,\"namespace\":\"ProcessWire\\\\\",\"permanent\":true},\"122\":{\"name\":\"InputfieldPassword\",\"title\":\"Password\",\"version\":102,\"created\":1559855234,\"namespace\":\"ProcessWire\\\\\",\"permanent\":true},\"39\":{\"name\":\"InputfieldRadios\",\"title\":\"Radio Buttons\",\"version\":105,\"created\":1559855234,\"namespace\":\"ProcessWire\\\\\",\"permanent\":true},\"36\":{\"name\":\"InputfieldSelect\",\"title\":\"Select\",\"version\":102,\"created\":1559855234,\"namespace\":\"ProcessWire\\\\\",\"permanent\":true},\"43\":{\"name\":\"InputfieldSelectMultiple\",\"title\":\"Select Multiple\",\"version\":101,\"created\":1559855234,\"namespace\":\"ProcessWire\\\\\",\"permanent\":true},\"149\":{\"name\":\"InputfieldSelector\",\"title\":\"Selector\",\"version\":27,\"autoload\":\"template=admin\",\"created\":1559855234,\"configurable\":3,\"namespace\":\"ProcessWire\\\\\",\"addFlag\":32},\"32\":{\"name\":\"InputfieldSubmit\",\"title\":\"Submit\",\"version\":102,\"created\":1559855234,\"namespace\":\"ProcessWire\\\\\",\"permanent\":true},\"34\":{\"name\":\"InputfieldText\",\"title\":\"Text\",\"version\":106,\"created\":1559855234,\"namespace\":\"ProcessWire\\\\\",\"permanent\":true},\"35\":{\"name\":\"InputfieldTextarea\",\"title\":\"Textarea\",\"version\":103,\"created\":1559855234,\"namespace\":\"ProcessWire\\\\\",\"permanent\":true},\"108\":{\"name\":\"InputfieldURL\",\"title\":\"URL\",\"version\":102,\"created\":1559855234,\"namespace\":\"ProcessWire\\\\\"},\"116\":{\"name\":\"JqueryCore\",\"title\":\"jQuery Core\",\"version\":183,\"singular\":true,\"created\":1559855234,\"namespace\":\"ProcessWire\\\\\",\"permanent\":true},\"153\":{\"name\":\"JqueryMagnific\",\"title\":\"jQuery Magnific Popup\",\"version\":1,\"singular\":1,\"created\":1559855234,\"namespace\":\"ProcessWire\\\\\"},\"103\":{\"name\":\"JqueryTableSorter\",\"title\":\"jQuery Table Sorter Plugin\",\"version\":221,\"singular\":1,\"created\":1559855234,\"namespace\":\"ProcessWire\\\\\"},\"117\":{\"name\":\"JqueryUI\",\"title\":\"jQuery UI\",\"version\":196,\"singular\":true,\"created\":1559855234,\"namespace\":\"ProcessWire\\\\\",\"permanent\":true},\"45\":{\"name\":\"JqueryWireTabs\",\"title\":\"jQuery Wire Tabs Plugin\",\"version\":109,\"created\":1559855234,\"configurable\":3,\"namespace\":\"ProcessWire\\\\\",\"permanent\":true},\"194\":{\"name\":\"FieldtypePageTitleLanguage\",\"title\":\"Page Title (Multi-Language)\",\"version\":100,\"requiresVersions\":{\"LanguageSupportFields\":[\">=\",0],\"FieldtypeTextLanguage\":[\">=\",0]},\"singular\":true,\"created\":1561417945,\"namespace\":\"ProcessWire\\\\\"},\"195\":{\"name\":\"FieldtypeTextareaLanguage\",\"title\":\"Textarea (Multi-language)\",\"version\":100,\"requiresVersions\":{\"LanguageSupportFields\":[\">=\",0]},\"singular\":true,\"created\":1561417945,\"namespace\":\"ProcessWire\\\\\"},\"193\":{\"name\":\"FieldtypeTextLanguage\",\"title\":\"Text (Multi-language)\",\"version\":100,\"requiresVersions\":{\"LanguageSupportFields\":[\">=\",0]},\"singular\":true,\"created\":1561417945,\"namespace\":\"ProcessWire\\\\\"},\"189\":{\"name\":\"LanguageSupport\",\"title\":\"Languages Support\",\"version\":103,\"installs\":[\"ProcessLanguage\",\"ProcessLanguageTranslator\"],\"autoload\":true,\"singular\":true,\"created\":1561417923,\"configurable\":3,\"namespace\":\"ProcessWire\\\\\",\"addFlag\":32},\"192\":{\"name\":\"LanguageSupportFields\",\"title\":\"Languages Support - Fields\",\"version\":100,\"requiresVersions\":{\"LanguageSupport\":[\">=\",0]},\"installs\":[\"FieldtypePageTitleLanguage\",\"FieldtypeTextareaLanguage\",\"FieldtypeTextLanguage\"],\"autoload\":true,\"singular\":true,\"created\":1561417945,\"namespace\":\"ProcessWire\\\\\"},\"196\":{\"name\":\"LanguageSupportPageNames\",\"title\":\"Languages Support - Page Names\",\"version\":10,\"requiresVersions\":{\"LanguageSupport\":[\">=\",0],\"LanguageSupportFields\":[\">=\",0]},\"autoload\":true,\"singular\":true,\"created\":1561417968,\"configurable\":3,\"namespace\":\"ProcessWire\\\\\"},\"197\":{\"name\":\"LanguageTabs\",\"title\":\"Languages Support - Tabs\",\"version\":114,\"requiresVersions\":{\"LanguageSupport\":[\">=\",0]},\"autoload\":\"template=admin\",\"singular\":true,\"created\":1561417995,\"configurable\":4,\"namespace\":\"ProcessWire\\\\\"},\"190\":{\"name\":\"ProcessLanguage\",\"title\":\"Languages\",\"version\":103,\"icon\":\"language\",\"requiresVersions\":{\"LanguageSupport\":[\">=\",0]},\"permission\":\"lang-edit\",\"singular\":1,\"created\":1561417923,\"configurable\":3,\"namespace\":\"ProcessWire\\\\\",\"useNavJSON\":true},\"191\":{\"name\":\"ProcessLanguageTranslator\",\"title\":\"Language Translator\",\"version\":101,\"requiresVersions\":{\"LanguageSupport\":[\">=\",0]},\"permission\":\"lang-edit\",\"singular\":1,\"created\":1561417923,\"namespace\":\"ProcessWire\\\\\"},\"67\":{\"name\":\"MarkupAdminDataTable\",\"title\":\"Admin Data Table\",\"version\":107,\"created\":1559855234,\"namespace\":\"ProcessWire\\\\\",\"permanent\":true},\"164\":{\"name\":\"MarkupCache\",\"title\":\"Markup Cache\",\"version\":101,\"autoload\":true,\"singular\":true,\"created\":1559911829,\"configurable\":3,\"namespace\":\"ProcessWire\\\\\"},\"152\":{\"name\":\"MarkupHTMLPurifier\",\"title\":\"HTML Purifier\",\"version\":492,\"created\":1559855234,\"namespace\":\"ProcessWire\\\\\"},\"113\":{\"name\":\"MarkupPageArray\",\"title\":\"PageArray Markup\",\"version\":100,\"autoload\":true,\"singular\":true,\"created\":1559855234,\"namespace\":\"ProcessWire\\\\\"},\"98\":{\"name\":\"MarkupPagerNav\",\"title\":\"Pager (Pagination) Navigation\",\"version\":105,\"created\":1559855234,\"namespace\":\"ProcessWire\\\\\"},\"114\":{\"name\":\"PagePermissions\",\"title\":\"Page Permissions\",\"version\":105,\"autoload\":true,\"singular\":true,\"created\":1559855234,\"namespace\":\"ProcessWire\\\\\",\"permanent\":true},\"115\":{\"name\":\"PageRender\",\"title\":\"Page Render\",\"version\":105,\"autoload\":true,\"singular\":true,\"created\":1559855234,\"configurable\":3,\"namespace\":\"ProcessWire\\\\\",\"permanent\":true},\"48\":{\"name\":\"ProcessField\",\"title\":\"Fields\",\"version\":113,\"icon\":\"cube\",\"permission\":\"field-admin\",\"created\":1559855234,\"configurable\":3,\"namespace\":\"ProcessWire\\\\\",\"permanent\":true,\"useNavJSON\":true,\"addFlag\":32},\"87\":{\"name\":\"ProcessHome\",\"title\":\"Admin Home\",\"version\":101,\"permission\":\"page-view\",\"created\":1559855234,\"namespace\":\"ProcessWire\\\\\",\"permanent\":true},\"76\":{\"name\":\"ProcessList\",\"title\":\"List\",\"version\":101,\"permission\":\"page-view\",\"created\":1559855234,\"namespace\":\"ProcessWire\\\\\",\"permanent\":true},\"157\":{\"name\":\"ProcessLogger\",\"title\":\"Logs\",\"version\":1,\"icon\":\"tree\",\"permission\":\"logs-view\",\"singular\":1,\"created\":1559855267,\"namespace\":\"ProcessWire\\\\\",\"useNavJSON\":true},\"10\":{\"name\":\"ProcessLogin\",\"title\":\"Login\",\"version\":106,\"permission\":\"page-view\",\"created\":1559855234,\"configurable\":4,\"namespace\":\"ProcessWire\\\\\",\"permanent\":true},\"50\":{\"name\":\"ProcessModule\",\"title\":\"Modules\",\"version\":118,\"permission\":\"module-admin\",\"created\":1559855234,\"namespace\":\"ProcessWire\\\\\",\"permanent\":true,\"useNavJSON\":true,\"nav\":[{\"url\":\"?site#tab_site_modules\",\"label\":\"Site\",\"icon\":\"plug\",\"navJSON\":\"navJSON\\/?site=1\"},{\"url\":\"?core#tab_core_modules\",\"label\":\"Core\",\"icon\":\"plug\",\"navJSON\":\"navJSON\\/?core=1\"},{\"url\":\"?configurable#tab_configurable_modules\",\"label\":\"Configure\",\"icon\":\"gear\",\"navJSON\":\"navJSON\\/?configurable=1\"},{\"url\":\"?install#tab_install_modules\",\"label\":\"Install\",\"icon\":\"sign-in\",\"navJSON\":\"navJSON\\/?install=1\"},{\"url\":\"?new#tab_new_modules\",\"label\":\"New\",\"icon\":\"plus\"},{\"url\":\"?reset=1\",\"label\":\"Refresh\",\"icon\":\"refresh\"}]},\"17\":{\"name\":\"ProcessPageAdd\",\"title\":\"Page Add\",\"version\":108,\"icon\":\"plus-circle\",\"permission\":\"page-edit\",\"created\":1559855234,\"configurable\":3,\"namespace\":\"ProcessWire\\\\\",\"permanent\":true,\"useNavJSON\":true},\"7\":{\"name\":\"ProcessPageEdit\",\"title\":\"Page Edit\",\"version\":109,\"icon\":\"edit\",\"permission\":\"page-edit\",\"singular\":1,\"created\":1559855234,\"configurable\":3,\"namespace\":\"ProcessWire\\\\\",\"permanent\":true,\"useNavJSON\":true},\"129\":{\"name\":\"ProcessPageEditImageSelect\",\"title\":\"Page Edit Image\",\"version\":120,\"permission\":\"page-edit\",\"singular\":1,\"created\":1559855234,\"configurable\":3,\"namespace\":\"ProcessWire\\\\\",\"permanent\":true},\"121\":{\"name\":\"ProcessPageEditLink\",\"title\":\"Page Edit Link\",\"version\":108,\"icon\":\"link\",\"permission\":\"page-edit\",\"singular\":1,\"created\":1559855234,\"configurable\":3,\"namespace\":\"ProcessWire\\\\\",\"permanent\":true},\"12\":{\"name\":\"ProcessPageList\",\"title\":\"Page List\",\"version\":122,\"icon\":\"sitemap\",\"permission\":\"page-edit\",\"created\":1559855234,\"configurable\":3,\"namespace\":\"ProcessWire\\\\\",\"permanent\":true,\"useNavJSON\":true},\"150\":{\"name\":\"ProcessPageLister\",\"title\":\"Lister\",\"version\":24,\"icon\":\"search\",\"permission\":\"page-lister\",\"created\":1559855234,\"configurable\":true,\"namespace\":\"ProcessWire\\\\\",\"permanent\":true,\"useNavJSON\":true,\"addFlag\":32},\"104\":{\"name\":\"ProcessPageSearch\",\"title\":\"Page Search\",\"version\":106,\"permission\":\"page-edit\",\"singular\":1,\"created\":1559855234,\"configurable\":3,\"namespace\":\"ProcessWire\\\\\",\"permanent\":true},\"14\":{\"name\":\"ProcessPageSort\",\"title\":\"Page Sort and Move\",\"version\":100,\"permission\":\"page-edit\",\"created\":1559855234,\"namespace\":\"ProcessWire\\\\\",\"permanent\":true},\"109\":{\"name\":\"ProcessPageTrash\",\"title\":\"Page Trash\",\"version\":103,\"singular\":1,\"created\":1559855234,\"namespace\":\"ProcessWire\\\\\",\"permanent\":true},\"134\":{\"name\":\"ProcessPageType\",\"title\":\"Page Type\",\"version\":101,\"singular\":1,\"created\":1559855234,\"configurable\":3,\"namespace\":\"ProcessWire\\\\\",\"permanent\":true,\"useNavJSON\":true,\"addFlag\":32},\"83\":{\"name\":\"ProcessPageView\",\"title\":\"Page View\",\"version\":104,\"permission\":\"page-view\",\"created\":1559855234,\"namespace\":\"ProcessWire\\\\\",\"permanent\":true},\"136\":{\"name\":\"ProcessPermission\",\"title\":\"Permissions\",\"version\":101,\"icon\":\"gear\",\"permission\":\"permission-admin\",\"singular\":1,\"created\":1559855234,\"configurable\":3,\"namespace\":\"ProcessWire\\\\\",\"permanent\":true,\"useNavJSON\":true},\"138\":{\"name\":\"ProcessProfile\",\"title\":\"User Profile\",\"version\":104,\"permission\":\"profile-edit\",\"singular\":1,\"created\":1559855234,\"configurable\":3,\"namespace\":\"ProcessWire\\\\\",\"permanent\":true},\"155\":{\"name\":\"ProcessRecentPages\",\"title\":\"Recent Pages\",\"version\":2,\"icon\":\"clock-o\",\"permission\":\"page-edit-recent\",\"singular\":1,\"created\":1559855259,\"namespace\":\"ProcessWire\\\\\",\"useNavJSON\":true,\"nav\":[{\"url\":\"?edited=1\",\"label\":\"Edited\",\"icon\":\"users\",\"navJSON\":\"navJSON\\/?edited=1\"},{\"url\":\"?added=1\",\"label\":\"Created\",\"icon\":\"users\",\"navJSON\":\"navJSON\\/?added=1\"},{\"url\":\"?edited=1&me=1\",\"label\":\"Edited by me\",\"icon\":\"user\",\"navJSON\":\"navJSON\\/?edited=1&me=1\"},{\"url\":\"?added=1&me=1\",\"label\":\"Created by me\",\"icon\":\"user\",\"navJSON\":\"navJSON\\/?added=1&me=1\"},{\"url\":\"another\\/\",\"label\":\"Add another\",\"icon\":\"plus-circle\",\"navJSON\":\"anotherNavJSON\\/\"}]},\"68\":{\"name\":\"ProcessRole\",\"title\":\"Roles\",\"version\":104,\"icon\":\"gears\",\"permission\":\"role-admin\",\"created\":1559855234,\"configurable\":3,\"namespace\":\"ProcessWire\\\\\",\"permanent\":true,\"useNavJSON\":true},\"47\":{\"name\":\"ProcessTemplate\",\"title\":\"Templates\",\"version\":114,\"icon\":\"cubes\",\"permission\":\"template-admin\",\"created\":1559855234,\"namespace\":\"ProcessWire\\\\\",\"permanent\":true,\"useNavJSON\":true},\"66\":{\"name\":\"ProcessUser\",\"title\":\"Users\",\"version\":107,\"icon\":\"group\",\"permission\":\"user-admin\",\"created\":1559855234,\"configurable\":\"ProcessUserConfig.php\",\"namespace\":\"ProcessWire\\\\\",\"permanent\":true,\"useNavJSON\":true},\"125\":{\"name\":\"SessionLoginThrottle\",\"title\":\"Session Login Throttle\",\"version\":103,\"autoload\":\"function\",\"singular\":true,\"created\":1559855234,\"configurable\":3,\"namespace\":\"ProcessWire\\\\\"},\"139\":{\"name\":\"SystemUpdater\",\"title\":\"System Updater\",\"version\":16,\"singular\":true,\"created\":1559855234,\"configurable\":3,\"namespace\":\"ProcessWire\\\\\",\"permanent\":true},\"61\":{\"name\":\"TextformatterEntities\",\"title\":\"HTML Entity Encoder (htmlspecialchars)\",\"version\":100,\"created\":1559855234,\"namespace\":\"ProcessWire\\\\\"},\"159\":{\"name\":\"AllInOneMinify\",\"title\":\"AIOM+ (All In One Minify) for CSS, LESS, JS and HTML\",\"version\":314,\"autoload\":true,\"singular\":true,\"created\":1559860328,\"configurable\":true,\"namespace\":\"\\\\\"},\"174\":{\"name\":\"FieldtypeMapMarker\",\"title\":\"Map Marker\",\"version\":209,\"icon\":\"map-marker\",\"installs\":[\"InputfieldMapMarker\"],\"singular\":true,\"created\":1560459400,\"configurable\":true,\"namespace\":\"\\\\\"},\"175\":{\"name\":\"InputfieldMapMarker\",\"title\":\"Map Marker\",\"version\":209,\"icon\":\"map-marker\",\"requiresVersions\":{\"FieldtypeMapMarker\":[\">=\",0]},\"created\":1560459400,\"namespace\":\"\\\\\"},\"177\":{\"name\":\"MarkupGoogleMap\",\"title\":\"Map Markup (Google Maps)\",\"version\":101,\"requiresVersions\":{\"FieldtypeMapMarker\":[\">=\",0]},\"created\":1560956424,\"namespace\":\"\\\\\"},\"160\":{\"name\":\"MarkupBrowserUpdate\",\"title\":\"Markup Browser Update\",\"version\":100,\"icon\":\"globe\",\"autoload\":true,\"singular\":true,\"created\":1559860355,\"configurable\":true,\"namespace\":\"\\\\\"},\"198\":{\"name\":\"MarkupGoogleRecaptcha\",\"title\":\"Markup Google reCAPTCHA\",\"version\":\"2.0.0\",\"icon\":\"puzzle-piece\",\"configurable\":true,\"namespace\":\"\\\\\"}}','2010-04-08 03:10:01'),('FileCompiler__f74729215cd759dab24c6c56d4384242','{\"source\":{\"file\":\"C:\\/My workspace\\/processwire-dev\\/site\\/modules\\/MarkupGoogleRecaptcha\\/MarkupGoogleRecaptcha.module\",\"hash\":\"7214e8afd1a9d6934b8698b3063683e3\",\"size\":12811,\"time\":1513969391,\"ns\":\"\\\\\"},\"target\":{\"file\":\"C:\\/My workspace\\/processwire-dev\\/site\\/assets\\/cache\\/FileCompiler\\/site\\/modules\\/MarkupGoogleRecaptcha\\/MarkupGoogleRecaptcha.module\",\"hash\":\"9f65451b10c8e79e1276c0b91049425a\",\"size\":13331,\"time\":1513969391}}','2010-04-08 03:10:10'),('FileCompiler__b7aa00f49c2d46c370aef0a5843171f3','{\"source\":{\"file\":\"C:\\/My workspace\\/processwire-dev\\/site\\/modules\\/FieldTypeRate\\/RateHelper.php\",\"hash\":\"b0878cc2edca628982f9adc85518e5d7\",\"size\":3090,\"time\":1489075785,\"ns\":\"\\\\\"},\"target\":{\"file\":\"C:\\/My workspace\\/processwire-dev\\/site\\/assets\\/cache\\/FileCompiler\\/site\\/modules\\/FieldTypeRate\\/RateHelper.php\",\"hash\":\"246c86a8fece1789c61cc8d37a4ea493\",\"size\":3103,\"time\":1489075785}}','2010-04-08 03:10:10'),('FileCompiler__2e40ad9bbdded0608c741d7d6318414e','{\"source\":{\"file\":\"C:\\/My workspace\\/processwire-dev\\/site\\/modules\\/FieldTypeRate\\/InputfieldRate.module\",\"hash\":\"f2af82deb16b31f8f36f21585790d176\",\"size\":1972,\"time\":1489075785,\"ns\":\"\\\\\"},\"target\":{\"file\":\"C:\\/My workspace\\/processwire-dev\\/site\\/assets\\/cache\\/FileCompiler\\/site\\/modules\\/FieldTypeRate\\/InputfieldRate.module\",\"hash\":\"6536c890ead7c81209cf8e3f063ad92b\",\"size\":2413,\"time\":1489075785}}','2010-04-08 03:10:10'),('FileCompiler__1c79793dac7265b34827c2e9e01a0f7d','{\"source\":{\"file\":\"C:\\/My workspace\\/processwire-dev\\/site\\/modules\\/FieldtypeStarRating\\/FieldtypeStarRating.module\",\"hash\":\"ef6173f621e3744f131fa0d58d551aed\",\"size\":3863,\"time\":1433458381,\"ns\":\"\\\\\"},\"target\":{\"file\":\"C:\\/My workspace\\/processwire-dev\\/site\\/assets\\/cache\\/FileCompiler\\/site\\/modules\\/FieldtypeStarRating\\/FieldtypeStarRating.module\",\"hash\":\"fed424a7b6e837841e73cf59bffd16a8\",\"size\":4019,\"time\":1433458381}}','2010-04-08 03:10:10'),('FileCompiler__c4a4706c9aeefb28bc862b86feb7521c','{\"source\":{\"file\":\"C:\\/My workspace\\/processwire-dev\\/site\\/modules\\/FieldtypeStarRating\\/InputfieldStarRating.module\",\"hash\":\"539f601039dc40dd2c73da909e0aa452\",\"size\":2600,\"time\":1433458381,\"ns\":\"\\\\\"},\"target\":{\"file\":\"C:\\/My workspace\\/processwire-dev\\/site\\/assets\\/cache\\/FileCompiler\\/site\\/modules\\/FieldtypeStarRating\\/InputfieldStarRating.module\",\"hash\":\"75c159924578dfdffa14a65231925cae\",\"size\":2811,\"time\":1433458381}}','2010-04-08 03:10:10'),('FileCompiler__0f240d8d50b2e8dd06f3e59df60cec89','{\"source\":{\"file\":\"C:\\/My workspace\\/processwire-dev\\/site\\/templates\\/aboutus.php\",\"hash\":\"60b6a2a6f7d68de1837e78a9b6058be8\",\"size\":2798,\"time\":1561483381,\"ns\":\"\\\\\"},\"target\":{\"file\":\"C:\\/My workspace\\/processwire-dev\\/site\\/assets\\/cache\\/FileCompiler\\/site\\/templates\\/aboutus.php\",\"hash\":\"fdd074324b5dfefd37393c1ab68872a6\",\"size\":3351,\"time\":1561483381}}','2010-04-08 03:10:10'),('FileCompiler__317793c7bde68cc59785af4c6d5516e6','{\"source\":{\"file\":\"C:\\/My workspace\\/processwire-dev\\/site\\/templates\\/news-feed.php\",\"hash\":\"bc31eb82ffd3158a1c1e7a3eaeefcbc9\",\"size\":6809,\"time\":1561483158,\"ns\":\"\\\\\"},\"target\":{\"file\":\"C:\\/My workspace\\/processwire-dev\\/site\\/assets\\/cache\\/FileCompiler\\/site\\/templates\\/news-feed.php\",\"hash\":\"332ed25d1fb94bf9f87968cc822f65cd\",\"size\":7252,\"time\":1561483158}}','2010-04-08 03:10:10'),('FileCompiler__7303f6c0f18bb8dc0a0c0505dc7af834','{\"source\":{\"file\":\"C:\\/My workspace\\/processwire-dev\\/site\\/templates\\/news.php\",\"hash\":\"23583da7f9156ef9d348ed6eb3a8e145\",\"size\":5943,\"time\":1561473136,\"ns\":\"\\\\\"},\"target\":{\"file\":\"C:\\/My workspace\\/processwire-dev\\/site\\/assets\\/cache\\/FileCompiler\\/site\\/templates\\/news.php\",\"hash\":\"bc26ff02773baf8ffb9f9ed0ae36e21c\",\"size\":6684,\"time\":1561473136}}','2010-04-08 03:10:10'),('FileCompiler__1309455e0d9b85df094ba99d353529cf','{\"source\":{\"file\":\"C:\\/My workspace\\/processwire-dev\\/site\\/templates\\/includes\\/related_news.inc\",\"hash\":\"d0959fc978366722ad1fbfa8d1ab92e5\",\"size\":3472,\"time\":1561483629,\"ns\":\"\\\\\"},\"target\":{\"file\":\"C:\\/My workspace\\/processwire-dev\\/site\\/assets\\/cache\\/FileCompiler\\/site\\/templates\\/includes\\/related_news.inc\",\"hash\":\"d0959fc978366722ad1fbfa8d1ab92e5\",\"size\":3472,\"time\":1561483629}}','2010-04-08 03:10:10'),('FileCompiler__b7816ee2a5b75658e21c1aae39d70662','{\"source\":{\"file\":\"C:\\/My workspace\\/processwire-dev\\/site\\/templates\\/includes\\/social-links.inc\",\"hash\":\"667e6891fa4d234cd30a9ed476f3aca1\",\"size\":370,\"time\":1561196631,\"ns\":\"\\\\\"},\"target\":{\"file\":\"C:\\/My workspace\\/processwire-dev\\/site\\/assets\\/cache\\/FileCompiler\\/site\\/templates\\/includes\\/social-links.inc\",\"hash\":\"667e6891fa4d234cd30a9ed476f3aca1\",\"size\":370,\"time\":1561196631}}','2010-04-08 03:10:10'),('FileCompiler__86dfdd86c141278955cd75c3a65a67a0','{\"source\":{\"file\":\"C:\\/My workspace\\/processwire-dev\\/site\\/templates\\/find_job.php\",\"hash\":\"7e547be79d461ede9cacf75978d96ec6\",\"size\":7992,\"time\":1561298055,\"ns\":\"\\\\\"},\"target\":{\"file\":\"C:\\/My workspace\\/processwire-dev\\/site\\/assets\\/cache\\/FileCompiler\\/site\\/templates\\/find_job.php\",\"hash\":\"5503498a96ba58205362716ad8b2c0dd\",\"size\":8929,\"time\":1561298055}}','2010-04-08 03:10:10'),('FileCompiler__a6d059e49c85a136da9fa3452ab0e9c6','{\"source\":{\"file\":\"C:\\/My workspace\\/processwire-dev\\/site\\/templates\\/apply-job.php\",\"hash\":\"466de090f61f625f717cf290bc78a70a\",\"size\":6257,\"time\":1561260533,\"ns\":\"\\\\\"},\"target\":{\"file\":\"C:\\/My workspace\\/processwire-dev\\/site\\/assets\\/cache\\/FileCompiler\\/site\\/templates\\/apply-job.php\",\"hash\":\"abb4609fd1c279876af2a45e091053a9\",\"size\":6856,\"time\":1561260533}}','2010-04-08 03:10:10'),('FileCompiler__61bbd3ee4453b0d380492bb09b260ee3','{\"source\":{\"file\":\"C:\\/My workspace\\/processwire-dev\\/site\\/templates\\/expertise.php\",\"hash\":\"a2c40da0df989708838677b92e9356a0\",\"size\":18088,\"time\":1561481053,\"ns\":\"\\\\\"},\"target\":{\"file\":\"C:\\/My workspace\\/processwire-dev\\/site\\/assets\\/cache\\/FileCompiler\\/site\\/templates\\/expertise.php\",\"hash\":\"36a42d6862d36035ad390db4f5a28a24\",\"size\":18843,\"time\":1561481053}}','2010-04-08 03:10:10'),('FileCompiler__153f2eca58dc36799751094c17722224','{\"source\":{\"file\":\"C:\\/My workspace\\/processwire-dev\\/site\\/templates\\/expertise-level-1.php\",\"hash\":\"b6a4e48dd397f125fcbda648d554cfd4\",\"size\":15168,\"time\":1561325148,\"ns\":\"\\\\\"},\"target\":{\"file\":\"C:\\/My workspace\\/processwire-dev\\/site\\/assets\\/cache\\/FileCompiler\\/site\\/templates\\/expertise-level-1.php\",\"hash\":\"caed7d98fc18937633136b461dbfcd30\",\"size\":16066,\"time\":1561325148}}','2010-04-08 03:10:10');

/*Table structure for table `field_about_description` */

DROP TABLE IF EXISTS `field_about_description`;

CREATE TABLE `field_about_description` (
  `pages_id` int(10) unsigned NOT NULL,
  `data` mediumtext NOT NULL,
  `data1225` mediumtext,
  PRIMARY KEY (`pages_id`),
  KEY `data_exact` (`data`(250)),
  FULLTEXT KEY `data` (`data`),
  FULLTEXT KEY `data1225` (`data1225`)
) ENGINE=MyISAM DEFAULT CHARSET=utf8;

/*Data for the table `field_about_description` */

insert  into `field_about_description`(`pages_id`,`data`,`data1225`) values (1,'<p>Unser Bewerbermanagement focussiert sich ausschlieslich auf IT-Fhrungskrfte und Experten, die sich in den wichtigsten Zukunftsthemen unserer globalen Gesellschaft spezialisiert haben. AI, BI, Data Science, Big Data, Blockchain, Cloud, IoT, (Cyber) Security und alles, was dazu gehrt, bilden die Grundlage unseres Tagesgeschfts.</p>\n\n<p>Durch unser Fachwissen, unser Netzwerk und unsere prozess- und datengetriebene Arbeitsweise prsentieren wir Ihnen bereits innerhalb der ersten 30 Tage passende Kandidaten.</p>','');

/*Table structure for table `field_about_image` */

DROP TABLE IF EXISTS `field_about_image`;

CREATE TABLE `field_about_image` (
  `pages_id` int(10) unsigned NOT NULL,
  `data` varchar(250) NOT NULL,
  `sort` int(10) unsigned NOT NULL,
  `description` text NOT NULL,
  `modified` datetime DEFAULT NULL,
  `created` datetime DEFAULT NULL,
  `filedata` mediumtext,
  PRIMARY KEY (`pages_id`,`sort`),
  KEY `data` (`data`),
  KEY `modified` (`modified`),
  KEY `created` (`created`),
  FULLTEXT KEY `description` (`description`),
  FULLTEXT KEY `filedata` (`filedata`)
) ENGINE=MyISAM DEFAULT CHARSET=utf8;

/*Data for the table `field_about_image` */

insert  into `field_about_image`(`pages_id`,`data`,`sort`,`description`,`modified`,`created`,`filedata`) values (1,'desk-meeting-1.jpg',0,'[\"\"]','2019-06-12 17:11:18','2019-06-12 17:11:18','');

/*Table structure for table `field_about_notes` */

DROP TABLE IF EXISTS `field_about_notes`;

CREATE TABLE `field_about_notes` (
  `pages_id` int(10) unsigned NOT NULL,
  `data` text NOT NULL,
  `count` int(11) NOT NULL,
  `parent_id` int(11) NOT NULL,
  PRIMARY KEY (`pages_id`),
  KEY `data_exact` (`data`(1)),
  KEY `count` (`count`,`pages_id`),
  KEY `parent_id` (`parent_id`,`pages_id`),
  FULLTEXT KEY `data` (`data`)
) ENGINE=MyISAM DEFAULT CHARSET=utf8;

/*Data for the table `field_about_notes` */

insert  into `field_about_notes`(`pages_id`,`data`,`count`,`parent_id`) values (1130,'1133,1134,1135',3,1132);

/*Table structure for table `field_about_title` */

DROP TABLE IF EXISTS `field_about_title`;

CREATE TABLE `field_about_title` (
  `pages_id` int(10) unsigned NOT NULL,
  `data` text NOT NULL,
  `data1225` text,
  PRIMARY KEY (`pages_id`),
  KEY `data_exact` (`data`(250)),
  KEY `data_exact1225` (`data1225`(250)),
  FULLTEXT KEY `data` (`data`),
  FULLTEXT KEY `data1225` (`data1225`)
) ENGINE=MyISAM DEFAULT CHARSET=utf8;

/*Data for the table `field_about_title` */

insert  into `field_about_title`(`pages_id`,`data`,`data1225`) values (1,'Hier bei PALTRON schaffen wir die Personalberatung der Zukunft',NULL);

/*Table structure for table `field_accordion_block` */

DROP TABLE IF EXISTS `field_accordion_block`;

CREATE TABLE `field_accordion_block` (
  `pages_id` int(10) unsigned NOT NULL,
  `data` text NOT NULL,
  `count` int(11) NOT NULL,
  `parent_id` int(11) NOT NULL,
  PRIMARY KEY (`pages_id`),
  KEY `data_exact` (`data`(1)),
  KEY `count` (`count`,`pages_id`),
  KEY `parent_id` (`parent_id`,`pages_id`),
  FULLTEXT KEY `data` (`data`)
) ENGINE=MyISAM DEFAULT CHARSET=utf8;

/*Data for the table `field_accordion_block` */

insert  into `field_accordion_block`(`pages_id`,`data`,`count`,`parent_id`) values (1,'1074,1075,1076',3,1073);

/*Table structure for table `field_accordion_header` */

DROP TABLE IF EXISTS `field_accordion_header`;

CREATE TABLE `field_accordion_header` (
  `pages_id` int(10) unsigned NOT NULL,
  `data` text NOT NULL,
  `data1225` text,
  PRIMARY KEY (`pages_id`),
  KEY `data_exact` (`data`(250)),
  KEY `data_exact1225` (`data1225`(250)),
  FULLTEXT KEY `data` (`data`),
  FULLTEXT KEY `data1225` (`data1225`)
) ENGINE=MyISAM DEFAULT CHARSET=utf8;

/*Data for the table `field_accordion_header` */

insert  into `field_accordion_header`(`pages_id`,`data`,`data1225`) values (1074,'Wir haben keine Zeit uns durch Hunderte Profile zu arbeiten ...',NULL),(1075,'Wir brauchen sehr schnell einen geeigneten Mitarbeiter',NULL),(1076,'Wir hoch ist das marktbliche Honorar fr den IT-Experten, den wir suchen?',NULL);

/*Table structure for table `field_accordion_panel` */

DROP TABLE IF EXISTS `field_accordion_panel`;

CREATE TABLE `field_accordion_panel` (
  `pages_id` int(10) unsigned NOT NULL,
  `data` mediumtext NOT NULL,
  `data1225` mediumtext,
  PRIMARY KEY (`pages_id`),
  KEY `data_exact` (`data`(250)),
  FULLTEXT KEY `data` (`data`),
  FULLTEXT KEY `data1225` (`data1225`)
) ENGINE=MyISAM DEFAULT CHARSET=utf8;

/*Data for the table `field_accordion_panel` */

insert  into `field_accordion_panel`(`pages_id`,`data`,`data1225`) values (1074,'<p>Durch intensiven persnlichen Kontakt zu den IT-Experten schlagen wir Ihnen nur zu 100% geeignete Kandidaten vor.</p>',NULL),(1075,'<p>Lorem ipsum dolor sit amet, consectetur adipisicing elit. Nesciunt, excepturi molestiae repellat eveniet quae officiis, praesentium nulla optio soluta ut fuga architecto id, sequi corporis consectetur libero fugiat voluptatum voluptate.</p>',NULL),(1076,'<p>Lorem ipsum dolor sit amet, consectetur adipisicing elit. Nesciunt, excepturi molestiae repellat eveniet quae officiis, praesentium nulla optio soluta ut fuga architecto id, sequi corporis consectetur libero fugiat voluptatum voluptate.</p>',NULL);

/*Table structure for table `field_admin_theme` */

DROP TABLE IF EXISTS `field_admin_theme`;

CREATE TABLE `field_admin_theme` (
  `pages_id` int(10) unsigned NOT NULL,
  `data` int(11) NOT NULL,
  PRIMARY KEY (`pages_id`),
  KEY `data` (`data`)
) ENGINE=MyISAM DEFAULT CHARSET=utf8;

/*Data for the table `field_admin_theme` */

/*Table structure for table `field_advantages` */

DROP TABLE IF EXISTS `field_advantages`;

CREATE TABLE `field_advantages` (
  `pages_id` int(10) unsigned NOT NULL,
  `data` text NOT NULL,
  `count` int(11) NOT NULL,
  `parent_id` int(11) NOT NULL,
  PRIMARY KEY (`pages_id`),
  KEY `data_exact` (`data`(1)),
  KEY `count` (`count`,`pages_id`),
  KEY `parent_id` (`parent_id`,`pages_id`),
  FULLTEXT KEY `data` (`data`)
) ENGINE=MyISAM DEFAULT CHARSET=utf8;

/*Data for the table `field_advantages` */

/*Table structure for table `field_author` */

DROP TABLE IF EXISTS `field_author`;

CREATE TABLE `field_author` (
  `pages_id` int(10) unsigned NOT NULL,
  `data` text NOT NULL,
  PRIMARY KEY (`pages_id`),
  KEY `data_exact` (`data`(250)),
  FULLTEXT KEY `data` (`data`)
) ENGINE=MyISAM DEFAULT CHARSET=utf8;

/*Data for the table `field_author` */

insert  into `field_author`(`pages_id`,`data`) values (1129,'Can Ulusoy'),(1228,'s'),(1230,'sdf');

/*Table structure for table `field_besetzung_block` */

DROP TABLE IF EXISTS `field_besetzung_block`;

CREATE TABLE `field_besetzung_block` (
  `pages_id` int(10) unsigned NOT NULL,
  `data` text NOT NULL,
  `count` int(11) NOT NULL,
  `parent_id` int(11) NOT NULL,
  PRIMARY KEY (`pages_id`),
  KEY `data_exact` (`data`(1)),
  KEY `count` (`count`,`pages_id`),
  KEY `parent_id` (`parent_id`,`pages_id`),
  FULLTEXT KEY `data` (`data`)
) ENGINE=MyISAM DEFAULT CHARSET=utf8;

/*Data for the table `field_besetzung_block` */

insert  into `field_besetzung_block`(`pages_id`,`data`,`count`,`parent_id`) values (1,'1070,1071,1072',3,1069);

/*Table structure for table `field_besetzung_description` */

DROP TABLE IF EXISTS `field_besetzung_description`;

CREATE TABLE `field_besetzung_description` (
  `pages_id` int(10) unsigned NOT NULL,
  `data` mediumtext NOT NULL,
  `data1225` mediumtext,
  PRIMARY KEY (`pages_id`),
  KEY `data_exact` (`data`(250)),
  FULLTEXT KEY `data` (`data`),
  FULLTEXT KEY `data1225` (`data1225`)
) ENGINE=MyISAM DEFAULT CHARSET=utf8;

/*Data for the table `field_besetzung_description` */

insert  into `field_besetzung_description`(`pages_id`,`data`,`data1225`) values (1070,'<p>Lorem ipsum dolor sit amet, consectetur adipisicing elit. Id debitis illo laboriosam, assumenda possimus iure ab quos fugit officiis quasi quaerat tenetur! Sunt laborum, dolorum cum alias totam aperiam numquam.</p>',NULL);

/*Table structure for table `field_besetzung_image` */

DROP TABLE IF EXISTS `field_besetzung_image`;

CREATE TABLE `field_besetzung_image` (
  `pages_id` int(10) unsigned NOT NULL,
  `data` varchar(250) NOT NULL,
  `sort` int(10) unsigned NOT NULL,
  `description` text NOT NULL,
  `modified` datetime DEFAULT NULL,
  `created` datetime DEFAULT NULL,
  `filedata` mediumtext,
  PRIMARY KEY (`pages_id`,`sort`),
  KEY `data` (`data`),
  KEY `modified` (`modified`),
  KEY `created` (`created`),
  FULLTEXT KEY `description` (`description`),
  FULLTEXT KEY `filedata` (`filedata`)
) ENGINE=MyISAM DEFAULT CHARSET=utf8;

/*Data for the table `field_besetzung_image` */

insert  into `field_besetzung_image`(`pages_id`,`data`,`sort`,`description`,`modified`,`created`,`filedata`) values (1070,'besetzung-besetzungszeit.png',0,'[\"\"]','2019-06-12 17:16:54','2019-06-12 17:16:54',''),(1071,'besetzung-fokus.png',0,'[\"\"]','2019-06-12 17:16:54','2019-06-12 17:16:54',''),(1072,'besetzung-datenquellen.png',0,'[\"\"]','2019-06-12 17:16:54','2019-06-12 17:16:54','');

/*Table structure for table `field_besetzung_title` */

DROP TABLE IF EXISTS `field_besetzung_title`;

CREATE TABLE `field_besetzung_title` (
  `pages_id` int(10) unsigned NOT NULL,
  `data` text NOT NULL,
  `data1225` text,
  PRIMARY KEY (`pages_id`),
  KEY `data_exact` (`data`(250)),
  KEY `data_exact1225` (`data1225`(250)),
  FULLTEXT KEY `data` (`data`),
  FULLTEXT KEY `data1225` (`data1225`)
) ENGINE=MyISAM DEFAULT CHARSET=utf8;

/*Data for the table `field_besetzung_title` */

insert  into `field_besetzung_title`(`pages_id`,`data`,`data1225`) values (1070,'Wir besetzen schneller als alle anderen Recruitingformen',NULL),(1071,'PALTRON legt den Fokus auf IT-Fhrungskrfte und Experten',NULL),(1072,'Unser einzigartiges Recruitingkonzept greift auf die grtmglichste Auswahl an Datenquellen fr das Bewerbermanagement zu.',NULL);

/*Table structure for table `field_body` */

DROP TABLE IF EXISTS `field_body`;

CREATE TABLE `field_body` (
  `pages_id` int(10) unsigned NOT NULL,
  `data` mediumtext NOT NULL,
  PRIMARY KEY (`pages_id`),
  FULLTEXT KEY `data` (`data`)
) ENGINE=MyISAM DEFAULT CHARSET=utf8;

/*Data for the table `field_body` */

insert  into `field_body`(`pages_id`,`data`) values (27,'<h3>The page you were looking for is not found.</h3>\r\n<p>Please use our search engine or navigation above to find the page.</p>'),(1002,'<h2>Ut capio feugiat saepius torqueo olim</h2><h3>In utinam facilisi eum vicis feugait nimis</h3><p>Iusto incassum appellatio cui macto genitus vel. Lobortis aliquam luctus, roto enim, imputo wisi tamen. Ratis odio, genitus acsi, neo illum consequat consectetuer ut. </p><p>Wisi fere virtus cogo, ex ut vel nullus similis vel iusto. Tation incassum adsum in, quibus capto premo diam suscipere facilisi. Uxor laoreet mos capio premo feugait ille et. Pecus abigo immitto epulae duis vel. Neque causa, indoles verto, decet ingenium dignissim. </p><p>Patria iriure vel vel autem proprius indoles ille sit. Tation blandit refoveo, accumsan ut ulciscor lucidus inhibeo capto aptent opes, foras. </p><h3>Dolore ea valde refero feugait utinam luctus</h3><p>Usitas, nostrud transverbero, in, amet, nostrud ad. Ex feugiat opto diam os aliquam regula lobortis dolore ut ut quadrum. Esse eu quis nunc jugis iriure volutpat wisi, fere blandit inhibeo melior, hendrerit, saluto velit. Eu bene ideo dignissim delenit accumsan nunc. Usitas ille autem camur consequat typicus feugait elit ex accumsan nutus accumsan nimis pagus, occuro. Immitto populus, qui feugiat opto pneum letalis paratus. Mara conventio torqueo nibh caecus abigo sit eum brevitas. Populus, duis ex quae exerci hendrerit, si antehabeo nobis, consequat ea praemitto zelus. </p><p>Immitto os ratis euismod conventio erat jus caecus sudo. Appellatio consequat, et ibidem ludus nulla dolor augue abdo tego euismod plaga lenis. Sit at nimis venio venio tego os et pecus enim pneum magna nobis ad pneum. Saepius turpis probo refero molior nonummy aliquam neque appellatio jus luctus acsi. Ulciscor refero pagus imputo eu refoveo valetudo duis dolore usitas. Consequat suscipere quod torqueo ratis ullamcorper, dolore lenis, letalis quia quadrum plaga minim. </p>'),(1003,'<h2>The site template files are located in /site/templates/</h2>\n\n<p>Each of the template files in this site profile includes the header template (head.inc), outputs the bodycopy, and then includes the footer template (foot.inc). This is to avoid duplication of the markup that is the same across all pages in the site. This strategy is called <em>direct output with includes</em> and is just one strategy you can use for templates.</p>\n\n<p>You could of course make each template completely self contained with its own markup (called direct output), but if you have more than one template with some of the same markup, then it wouldn\'t be very efficient to do that. As a result, it\'s better to move the reused parts (aka partials) into include files.</p>\n\n<p>Another strategy would be to use a have a <em>main</em> template that contains all your markup and has placeholders (variables) for the dynamic parts. Then your other templates would populate the placeholders before including the main template. This strategy is called <em>delayed output.</em></p>\n\n<p><a href=\"https://processwire.com/docs/tutorials/how-to-structure-your-template-files/\">Read more about these template strategies</a></p>'),(1001,'<h2>Si lobortis singularis genitus ibidem saluto.</h2>\n\n<p>Dolore ad nunc, mos accumsan paratus duis suscipit luptatum facilisis macto uxor iaceo quadrum. Demoveo, appellatio elit neque ad commodo ea. Wisi, iaceo, tincidunt at commoveo rusticus et, ludus. Feugait at blandit bene blandit suscipere abdo duis ideo bis commoveo pagus ex, velit. Consequat commodo roto accumsan, duis transverbero.</p>'),(1004,'<h2>Pertineo vel dignissim, natu letalis fere odio</h2><h3>Si lobortis singularis genitus ibidem saluto</h3><p>Magna in gemino, gilvus iusto capto jugis abdo mos aptent acsi qui. Utrum inhibeo humo humo duis quae. Lucidus paulatim facilisi scisco quibus hendrerit conventio adsum. Feugiat eligo foras ex elit sed indoles hos elit ex antehabeo defui et nostrud. Letatio valetudo multo consequat inhibeo ille dignissim pagus et in quadrum eum eu. Aliquam si consequat, ut nulla amet et turpis exerci, adsum luctus ne decet, delenit. Commoveo nunc diam valetudo cui, aptent commoveo at obruo uxor nulla aliquip augue. </p><p>Iriure, ex velit, praesent vulpes delenit capio vero gilvus inhibeo letatio aliquip metuo qui eros. Transverbero demoveo euismod letatio torqueo melior. Ut odio in suscipit paulatim amet huic letalis suscipere eros causa, letalis magna. </p>');

/*Table structure for table `field_btn_text` */

DROP TABLE IF EXISTS `field_btn_text`;

CREATE TABLE `field_btn_text` (
  `pages_id` int(10) unsigned NOT NULL,
  `data` text NOT NULL,
  `data1225` text,
  PRIMARY KEY (`pages_id`),
  KEY `data_exact` (`data`(250)),
  KEY `data_exact1225` (`data1225`(250)),
  FULLTEXT KEY `data` (`data`),
  FULLTEXT KEY `data1225` (`data1225`)
) ENGINE=MyISAM DEFAULT CHARSET=utf8;

/*Data for the table `field_btn_text` */

insert  into `field_btn_text`(`pages_id`,`data`,`data1225`) values (1181,'IT-Architektur Positionen',NULL),(1209,'Stellenangebote',NULL);

/*Table structure for table `field_careerteam_image` */

DROP TABLE IF EXISTS `field_careerteam_image`;

CREATE TABLE `field_careerteam_image` (
  `pages_id` int(10) unsigned NOT NULL,
  `data` varchar(250) NOT NULL,
  `sort` int(10) unsigned NOT NULL,
  `description` text NOT NULL,
  `modified` datetime DEFAULT NULL,
  `created` datetime DEFAULT NULL,
  `filedata` mediumtext,
  PRIMARY KEY (`pages_id`,`sort`),
  KEY `data` (`data`),
  KEY `modified` (`modified`),
  KEY `created` (`created`),
  FULLTEXT KEY `description` (`description`),
  FULLTEXT KEY `filedata` (`filedata`)
) ENGINE=MyISAM DEFAULT CHARSET=utf8;

/*Data for the table `field_careerteam_image` */

insert  into `field_careerteam_image`(`pages_id`,`data`,`sort`,`description`,`modified`,`created`,`filedata`) values (1124,'careerteam.jpg',0,'','2019-06-19 15:14:49','2019-06-19 15:14:49','');

/*Table structure for table `field_careerteam_rating_votes` */

DROP TABLE IF EXISTS `field_careerteam_rating_votes`;

CREATE TABLE `field_careerteam_rating_votes` (
  `comment_id` int(10) unsigned NOT NULL,
  `vote` tinyint(4) NOT NULL,
  `created` timestamp NOT NULL DEFAULT CURRENT_TIMESTAMP ON UPDATE CURRENT_TIMESTAMP,
  `ip` varchar(15) NOT NULL DEFAULT '',
  `user_id` int(10) unsigned NOT NULL DEFAULT '0',
  PRIMARY KEY (`comment_id`,`ip`,`vote`),
  KEY `created` (`created`)
) ENGINE=MyISAM DEFAULT CHARSET=utf8;

/*Data for the table `field_careerteam_rating_votes` */

/*Table structure for table `field_contact_description` */

DROP TABLE IF EXISTS `field_contact_description`;

CREATE TABLE `field_contact_description` (
  `pages_id` int(10) unsigned NOT NULL,
  `data` mediumtext NOT NULL,
  `data1225` mediumtext,
  PRIMARY KEY (`pages_id`),
  KEY `data_exact` (`data`(250)),
  FULLTEXT KEY `data` (`data`),
  FULLTEXT KEY `data1225` (`data1225`)
) ENGINE=MyISAM DEFAULT CHARSET=utf8;

/*Data for the table `field_contact_description` */

insert  into `field_contact_description`(`pages_id`,`data`,`data1225`) values (1124,'<p>Ca\'rt</p>',NULL);

/*Table structure for table `field_contact_email` */

DROP TABLE IF EXISTS `field_contact_email`;

CREATE TABLE `field_contact_email` (
  `pages_id` int(10) unsigned NOT NULL,
  `data` text NOT NULL,
  PRIMARY KEY (`pages_id`),
  KEY `data_exact` (`data`(250)),
  FULLTEXT KEY `data` (`data`)
) ENGINE=MyISAM DEFAULT CHARSET=utf8;

/*Data for the table `field_contact_email` */

/*Table structure for table `field_contact_image` */

DROP TABLE IF EXISTS `field_contact_image`;

CREATE TABLE `field_contact_image` (
  `pages_id` int(10) unsigned NOT NULL,
  `data` varchar(250) NOT NULL,
  `sort` int(10) unsigned NOT NULL,
  `description` text NOT NULL,
  `modified` datetime DEFAULT NULL,
  `created` datetime DEFAULT NULL,
  `filedata` mediumtext,
  PRIMARY KEY (`pages_id`,`sort`),
  KEY `data` (`data`),
  KEY `modified` (`modified`),
  KEY `created` (`created`),
  FULLTEXT KEY `description` (`description`),
  FULLTEXT KEY `filedata` (`filedata`)
) ENGINE=MyISAM DEFAULT CHARSET=utf8;

/*Data for the table `field_contact_image` */

insert  into `field_contact_image`(`pages_id`,`data`,`sort`,`description`,`modified`,`created`,`filedata`) values (1124,'contactme.jpg',0,'','2019-06-18 20:49:09','2019-06-18 20:49:09','');

/*Table structure for table `field_contact_name` */

DROP TABLE IF EXISTS `field_contact_name`;

CREATE TABLE `field_contact_name` (
  `pages_id` int(10) unsigned NOT NULL,
  `data` text NOT NULL,
  PRIMARY KEY (`pages_id`),
  KEY `data_exact` (`data`(250)),
  FULLTEXT KEY `data` (`data`)
) ENGINE=MyISAM DEFAULT CHARSET=utf8;

/*Data for the table `field_contact_name` */

insert  into `field_contact_name`(`pages_id`,`data`) values (1124,'Michele Schenker');

/*Table structure for table `field_contact_phone` */

DROP TABLE IF EXISTS `field_contact_phone`;

CREATE TABLE `field_contact_phone` (
  `pages_id` int(10) unsigned NOT NULL,
  `data` text NOT NULL,
  PRIMARY KEY (`pages_id`),
  KEY `data_exact` (`data`(250)),
  FULLTEXT KEY `data` (`data`)
) ENGINE=MyISAM DEFAULT CHARSET=utf8;

/*Data for the table `field_contact_phone` */

/*Table structure for table `field_contact_role` */

DROP TABLE IF EXISTS `field_contact_role`;

CREATE TABLE `field_contact_role` (
  `pages_id` int(10) unsigned NOT NULL,
  `data` text NOT NULL,
  `data1225` text,
  PRIMARY KEY (`pages_id`),
  KEY `data_exact` (`data`(250)),
  KEY `data_exact1225` (`data1225`(250)),
  FULLTEXT KEY `data` (`data`),
  FULLTEXT KEY `data1225` (`data1225`)
) ENGINE=MyISAM DEFAULT CHARSET=utf8;

/*Data for the table `field_contact_role` */

/*Table structure for table `field_content_text` */

DROP TABLE IF EXISTS `field_content_text`;

CREATE TABLE `field_content_text` (
  `pages_id` int(10) unsigned NOT NULL,
  `data` mediumtext NOT NULL,
  `data1225` mediumtext,
  PRIMARY KEY (`pages_id`),
  KEY `data_exact` (`data`(250)),
  FULLTEXT KEY `data` (`data`),
  FULLTEXT KEY `data1225` (`data1225`)
) ENGINE=MyISAM DEFAULT CHARSET=utf8;

/*Data for the table `field_content_text` */

insert  into `field_content_text`(`pages_id`,`data`,`data1225`) values (1109,'<h3>1. Umfang der Verarbeitung personenbezogener Daten</h3>\n\n<p>Wir erheben und verwenden personenbezogene Daten unserer Nutzer grundstzlich nur, soweit dies zur Bereitstellung einer funktionsfhigen Website sowie unserer Inhalte und Leistungen erforderlich ist. Die Erhebung und Verwendung personenbezogener Daten unserer Nutzer erfolgt regelmig nur nach Einwilligung des Nutzers. Eine Ausnahme gilt in solchen Fllen, in denen eine vorherige Einholung einer Einwilligung aus tatschlichen Grnden nicht mglich ist und die Verarbeitung der Daten durch gesetzliche Vorschriften gestattet ist. Sofern wir im Rahmen unserer Verarbeitung Daten gegenber anderen Personen und Unternehmen (Auftragsverarbeitern oder Dritten) offenbaren, sie an diese bermitteln oder ihnen sonst Zugriff auf die Daten gewhren, erfolgt dies nur auf Grundlage einer gesetzlichen Erlaubnis (z.B. wenn eine bermittlung der Daten an Dritte, wie an Zahlungsdienstleister, gem. Art. 6 Abs. 1 lit. b DSGVO zur Vertragserfllung erforderlich ist), Sie eingewilligt haben, eine rechtliche Verpflichtung dies vorsieht oder auf Grundlage unserer berechtigten Interessen (z.B. beim Einsatz von Beauftragten, Webhostern, etc.).</p>\n\n<p></p>\n\n<p>Sofern wir Dritte mit der Verarbeitung von Daten auf Grundlage eines sog. Auftragsverarbeitungsvertrages beauftragen, geschieht dies auf Grundlage des Art. 28 DSGVO. Sofern wir Daten in einem Drittland (d.h. auerhalb der Europischen Union (EU) oder des Europischen Wirtschaftsraums (EWR)) verarbeiten oder dies im Rahmen der Inanspruchnahme von Diensten Dritter oder Offenlegung, bzw. bermittlung von Daten an Dritte geschieht, erfolgt dies nur, wenn es zur Erfllung unserer (vor)vertraglichen Pflichten, auf Grundlage Ihrer Einwilligung, aufgrund einer rechtlichen Verpflichtung oder auf Grundlage unserer berechtigten Interessen geschieht. Vorbehaltlich gesetzlicher oder vertraglicher Erlaubnisse, verarbeiten oder lassen wir die Daten in einem Drittland nur beim Vorliegen der besonderen Voraussetzungen der Art. 44 ff. DSGVO verarbeiten. D.h. die Verarbeitung erfolgt z.B. auf Grundlage besonderer Garantien, wie der offiziell anerkannten Feststellung eines der EU entsprechenden Datenschutzniveaus (z.B. fr die USA durch das Privacy Shield) oder Beachtung offiziell anerkannter spezieller vertraglicher Verpflichtungen (so genannte Standardvertragsklauseln).</p>\n\n<p></p>\n\n<h3>2. Rechtsgrundlage fr die Verarbeitung personenbezogener Daten</h3>\n\n<p>Soweit wir fr Verarbeitungsvorgnge personenbezogener Daten eine Einwilligung der betroffenen Person einholen, dient Art. 6 Abs. 1 lit. a EU-Datenschutzgrundverordnung (DSGVO) als Rechtsgrundlage. Bei der Verarbeitung von personenbezogenen Daten, die zur Erfllung eines Vertrages, dessen Vertragspartei die betroffene Person ist, erforderlich ist, dient Art. 6 Abs. 1 lit. b DSGVO als Rechtsgrundlage. Dies gilt auch fr Verarbeitungsvorgnge, die zur Durchfhrung vorvertraglicher Manahmen erforderlich sind. Soweit eine Verarbeitung personenbezogener Daten zur Erfllung einer rechtlichen Verpflichtung erforderlich ist, der unser Unternehmen unterliegt, dient Art. 6 Abs. 1 lit. c DSGVO als Rechtsgrundlage. Ist die Verarbeitung zur Wahrung eines berechtigten Interesses unseres Unternehmens oder eines Dritten erforderlich und berwiegen die Interessen, Grundrechte und Grundfreiheiten des Betroffenen das erstgenannte Interesse nicht, so dient Art. 6 Abs. 1 lit. f DSGVO als Rechtsgrundlage fr die Verarbeitung.</p>\n\n<p></p>\n\n<h3>3. Datenlschung und Speicherdauer</h3>\n\n<p>Die personenbezogenen Daten der betroffenen Person werden gelscht oder gesperrt, sobald der Zweck der Speicherung entfllt. Eine Speicherung kann darber hinaus erfolgen, wenn dies durch den europischen oder nationalen Gesetzgeber in unionsrechtlichen Verordnungen, Gesetzen oder sonstigen Vorschriften, denen der Verantwortliche unterliegt, vorgesehen wurde. Eine Sperrung oder Lschung der Daten erfolgt auch dann, wenn eine durch die genannten Normen vorgeschriebene Speicherfrist abluft, es sei denn, dass eine Erforderlichkeit zur weiteren Speicherung der Daten fr einen Vertragsabschluss oder eine Vertragserfllung besteht.</p>',NULL),(1110,'<h3>1. Beschreibung und Umfang der Datenverarbeitung</h3>\n\n<p>Beim Aufruf unserer Internetseite erfasst unser System automatisiert Daten und Informationen vom Computersystem des aufrufenden Rechners.</p>\n\n<p></p>\n\n<p>Folgende Daten werden hierbei zeitlich begrenzt erhoben:</p>\n\n<p></p>\n\n<p>Informationen ber den Browsertyp und die verwendete Version</p>\n\n<p>Das Betriebssystem des Nutzers</p>\n\n<p>Den Internet-Service-Provider des Nutzers</p>\n\n<p>Die IP-Adresse des Nutzers</p>\n\n<p>Datum und Uhrzeit des Zugriffs</p>\n\n<p>Websites, von denen das System des Nutzers auf unsere Internetseite gelangt</p>\n\n<p>Die Daten werden in den Logfiles unseres Systems gespeichert. Diese Daten werden nur zur Analyse etwaiger Strungen bentigt und sptestens binnen sieben Tagen gelscht. Rechtsgrundlage fr die vorbergehende Speicherung der Daten und der Logfiles ist Art. 6 Abs. 1 lit. f DSGVO. Die vorbergehende Speicherung der IP-Adresse durch das System ist notwendig, um eine Auslieferung der Website an den Rechner des Nutzers zu ermglichen. Hierfr muss die IP-Adresse des Nutzers fr die Dauer der Sitzung gespeichert bleiben. Die Speicherung in Logfiles erfolgt, um die Funktionsfhigkeit der Website sicherzustellen. Zudem dienen uns die Daten zur Optimierung der Website und zur Sicherstellung der Sicherheit unserer informationstechnischen Systeme. Eine Auswertung der Daten zu Marketingzwecken findet in diesem Zusammenhang nicht statt und Rckschlsse auf ihre Person werden nicht gezogen. In diesen Zwecken liegt auch unser berechtigtes Interesse an der Datenverarbeitung nach Art. 6 Abs. 1 lit. f DSGVO. Die Erfassung der Daten zur Bereitstellung der Website und die Speicherung der Daten in Logfiles ist fr den Betrieb der Internetseite zwingend erforderlich. Es besteht folglich seitens des Nutzers keine Widerspruchsmglichkeit.</p>',NULL),(1111,'<h3>a) Beschreibung und Umfang der Datenverarbeitung</h3>\n\n<p>Unsere Webseite verwendet sog. Session-oder Flash-Cookies. Bei Cookies handelt es sich um Textdateien, die im Internetbrowser bzw. vom Internetbrowser auf dem Computersystem des Nutzers gespeichert werden. Ruft ein Nutzer eine Website auf, so kann ein Cookie auf dem Betriebssystem des Nutzers gespeichert werden. Dieser Cookie enthlt eine charakteristische Zeichenfolge, die eine eindeutige Identifizierung des Browsers beim erneuten Aufrufen der Website ermglicht. Die Rechtsgrundlage fr die Verarbeitung personenbezogener Daten unter Verwendung von Cookies ist Art. 6 Abs. 1 lit. f DSGVO. Der Zweck der Verwendung technisch notwendiger Cookies ist, die Nutzung von Websites fr die Nutzer zu vereinfachen. Einige Funktionen unserer Internetseite knnen ohne den Einsatz von Cookies nicht angeboten werden. Fr diese ist es erforderlich, dass der Browser auch nach einem Seitenwechsel wiedererkannt wird. Darber hinaus verwenden wir - wenn Sie dies zulassen  auch sogenannte persistente Cookies, die ber die Session hinaus eingesetzt werden (sessionbergreifende Cookies). Insbesondere diese Cookies dienen dazu, das Internetangebot nutzerfreundlich, effektiver und sicherer zu machen. Die durch technisch notwendige Cookies erhobenen Nutzerdaten werden nicht zur Ermittlung Ihrer Identitt verwendet.</p>\n\n<p></p>\n\n<p>Die Verarbeitung der personenbezogenen Daten ist nach Art. 6 Abs. 1 lit. f DSGVO zur Wahrung unserer berechtigten Interessen erforderlich. Cookies werden auf dem Rechner des Nutzers gespeichert und von diesem an unserer Seite bermittelt. Daher haben Sie als Nutzer auch die volle Kontrolle ber die Verwendung von Cookies und diese Cookies werden mit dem Schlieen des Browsers wieder gelscht. Durch eine nderung der Einstellungen in Ihrem Internetbrowser knnen Sie die bertragung von Cookies deaktivieren oder einschrnken. Bereits gespeicherte Cookies knnen jederzeit gelscht werden. Dies kann auch automatisiert erfolgen. Werden Cookies deaktiviert, knnen mglicherweise nicht mehr alle Funktionen der Website genutzt werden.</p>',NULL),(1112,'<h3>a) Google Analytics</h3>\n\n<p>Wir setzen auf Grundlage unserer berechtigten Interessen (d.h. Interesse an der Analyse, Optimierung und wirtschaftlichem Betrieb unseres Onlineangebotes im Sinne des Art. 6 Abs. 1 lit. f. DSGVO) Google Analytics, einen Webanalysedienst der Google Ireland Limited (Google) ein. Google verwendet Cookies. Die durch das Cookie erzeugten Informationen ber Benutzung des Onlineangebotes durch die Nutzer werden in der Regel an einen Server von Google in den USA bertragen und dort gespeichert.</p>\n\n<p></p>\n\n<p>Google ist unter dem Privacy-Shield-Abkommen zertifiziert und bietet hierdurch eine Garantie, das europische Datenschutzrecht einzuhalten https://www.privacyshield.gov/participant?id=a2zt000000001L5AAI&amp;status=Active.</p>\n\n<p></p>\n\n<p>Google wird diese Informationen in unserem Auftrag benutzen, um die Nutzung unseres Onlineangebotes durch die Nutzer auszuwerten, um Reports ber die Aktivitten innerhalb dieses Onlineangebotes zusammenzustellen und um weitere, mit der Nutzung dieses Onlineangebotes und der Internetnutzung verbundene Dienstleistungen, uns gegenber zu erbringen. Dabei knnen aus den verarbeiteten Daten pseudonyme Nutzungsprofile der Nutzer erstellt werden.</p>\n\n<p></p>\n\n<p>Wir setzen Google Analytics nur mit aktivierter IP-Anonymisierung ein. Das bedeutet, die IP-Adresse der Nutzer wird von Google innerhalb von Mitgliedstaaten der Europischen Union oder in anderen Vertragsstaaten des Abkommens ber den Europischen Wirtschaftsraum gekrzt. Nur in Ausnahmefllen wird die volle IP-Adresse an einen Server von Google in den USA bertragen und dort gekrzt.</p>\n\n<p></p>\n\n<p>Die von dem Browser des Nutzers bermittelte IP-Adresse wird nicht mit anderen Daten von Google zusammengefhrt. Die Nutzer knnen die Speicherung der Cookies durch eine entsprechende Einstellung ihrer Browser-Software verhindern; die Nutzer knnen darber hinaus die Erfassung der durch das Cookie erzeugten und auf ihre Nutzung des Onlineangebotes bezogenen Daten an Google sowie die Verarbeitung dieser Daten durch Google verhindern, indem sie das unter folgendem Link verfgbare Browser-Plugin herunterladen und installieren: http://tools.google.com/dlpage/gaoptout?hl=de.</p>\n\n<p></p>\n\n<p>Weitere Informationen zur Datennutzung durch Google, Einstellungs- und Widerspruchsmglichkeiten erfahren Sie auf den Webseiten von Google: https://www.google.com/intl/de/policies/privacy/partners (Datennutzung durch Google bei Ihrer Nutzung von Websites oder Apps unserer Partner), http://www.google.com/policies/technologies/ads (Datennutzung zu Werbezwecken), http://www.google.de/settings/ads (Informationen verwalten, die Google verwendet, um Ihnen Werbung einzublenden).</p>\n\n<p></p>\n\n<h3>b) Google-Re/Marketing-Services</h3>\n\n<p>Wir nutzen auf Grundlage unserer berechtigten Interessen (d.h. Interesse an der Analyse, Optimierung und wirtschaftlichem Betrieb unseres Onlineangebotes im Sinne des Art. 6 Abs. 1 lit. f. DSGVO) die Marketing- und Remarketing-Dienste (kurz Google-Marketing-Services) der Google Ireland Limited, Gordon House, Barrow Street, Dublin 4, Irland, (Google).</p>\n\n<p></p>\n\n<p>Google ist unter dem Privacy-Shield-Abkommen zertifiziert und bietet hierdurch eine Garantie, das europische Datenschutzrecht einzuhalten https://www.privacyshield.gov/participant?id=a2zt000000001L5AAI&amp;status=Active.</p>\n\n<p></p>\n\n<p>Die Google-Marketing-Services erlauben uns, Werbeanzeigen fr und auf unserer Website gezielter anzuzeigen, um Nutzern nur Anzeigen zu prsentieren, die potentiell deren Interessen entsprechen. Falls einem Nutzer z.B. Anzeigen fr Produkte angezeigt werden, fr die er sich auf anderen Webseiten interessiert hat, spricht man hierbei vom Remarketing. Zu diesen Zwecken wird bei Aufruf unserer und anderer Webseiten, auf denen Google-Marketing-Services aktiv sind, unmittelbar durch Google ein Code von Google ausgefhrt und es werden sog. (Re)marketing-Tags (unsichtbare Grafiken oder Code, auch als \"Web Beacons\" bezeichnet) in die Webseite eingebunden. Mit deren Hilfe wird auf dem Gert der Nutzer ein individuelles Cookie, d.h. eine kleine Datei abgespeichert (statt Cookies knnen auch vergleichbare Technologien verwendet werden). Die Cookies knnen von verschiedenen Domains gesetzt werden, unter anderem von google.com, doubleclick.net, invitemedia.com, admeld.com, googlesyndication.com oder googleadservices.com. In dieser Datei wird vermerkt, welche Webseiten der Nutzer aufgesucht, fr welche Inhalte er sich interessiert und welche Angebote er geklickt hat, ferner technische Informationen zum Browser und Betriebssystem, verweisende Webseiten, Besuchszeit sowie weitere Angaben zur Nutzung des Onlineangebotes. Es wird ebenfalls die IP-Adresse der Nutzer erfasst, wobei wir im Rahmen von Google-Analytics mitteilen, dass die IP-Adresse innerhalb von Mitgliedstaaten der Europischen Union oder in anderen Vertragsstaaten des Abkommens ber den Europischen Wirtschaftsraum gekrzt und nur in Ausnahmefllen ganz an einen Server von Google in den USA bertragen und dort gekrzt wird. Die IP-Adresse wird nicht mit Daten des Nutzers innerhalb von anderen Angeboten von Google zusammengefhrt. Die vorstehend genannten Informationen knnen seitens Google auch mit solchen Informationen aus anderen Quellen verbunden werden. Wenn der Nutzer anschlieend andere Webseiten besucht, knnen ihm entsprechend seiner Interessen die auf ihn abgestimmten Anzeigen angezeigt werden.</p>\n\n<p></p>\n\n<p>Die Daten der Nutzer werden im Rahmen der Google-Marketing-Services pseudonym verarbeitet. D.h. Google speichert und verarbeitet z.B. nicht den Namen oder E-Mailadresse der Nutzer, sondern verarbeitet die relevanten Daten Cookie-bezogen innerhalb pseudonymer Nutzer-Profile. D.h. aus der Sicht von Google werden die Anzeigen nicht fr eine konkret identifizierte Person verwaltet und angezeigt, sondern fr den Cookie-Inhaber, unabhngig davon wer dieser Cookie-Inhaber ist. Dies gilt nicht, wenn ein Nutzer Google ausdrcklich erlaubt hat, die Daten ohne diese Pseudonymisierung zu verarbeiten. Die von Google-Marketing-Services ber die Nutzer gesammelten Informationen werden an Google bermittelt und auf Googles Servern in den USA gespeichert.</p>\n\n<p></p>\n\n<p>Zu den von uns eingesetzten Google-Marketing-Services gehrt u.a. das Online-Werbeprogramm Google AdWords. Im Fall von Google AdWords, erhlt jeder AdWords-Kunde ein anderes Conversion-Cookie. Cookies knnen somit nicht ber die Websites von AdWords-Kunden nachverfolgt werden. Die mit Hilfe des Cookies bzw. Adwords-Pixels eingeholten Informationen dienen dazu, Conversion-Statistiken fr AdWords-Kunden zu erstellen, die sich fr Conversion-Tracking entschieden haben. Die AdWords-Kunden erfahren die Gesamtanzahl der Nutzer, die auf ihre Anzeige geklickt haben und zu einer mit einem Conversion-Tracking-Tag versehenen Seite weitergeleitet wurden. Sie erhalten jedoch keine Informationen, mit denen sich Nutzer persnlich identifizieren lassen.</p>\n\n<p></p>\n\n<p>Wir knnen auf Grundlage des Google-Marketing-Services AdSense Werbeanzeigen Dritter einbinden. AdSense verwendet Cookies, mit denen Google und seinen Partner-Websites, die Schaltung von Anzeigen auf Basis der Besuche von Nutzern auf dieser Website bzw. anderen Websites im Internet ermglicht wird. Ferner knnen wir den \"Google Tag Manager\" und das \"Google Phone Tracking\" einsetzen, um die Google Analyse- und Marketing-Dienste in unsere Website einzubinden und zu verwalten.</p>\n\n<p></p>\n\n<p>Weitere Informationen zur Datennutzung zu Marketingzwecken durch Google, erfahren Sie auf der bersichtsseite: https://www.google.com/policies/technologies/ads, die Datenschutzerklrung von Google ist unter https://www.google.com/policies/privacy abrufbar.</p>\n\n<p></p>\n\n<p>Wenn Sie der interessensbezogenen Werbung durch Google-Marketing-Services widersprechen mchten, knnen Sie die von Google gestellten Einstellungs- und Opt-Out-Mglichkeiten nutzen: http://www.google.com/ads/preferences.</p>\n\n<p></p>\n\n<h3>c) Lead Generierung Tools</h3>\n\n<p>Zudem nutzen wir die Dienste von sog. Lead Generierung Tools ein. Leadgenerierung (Interessentengewinnung) ist ein Begriff aus dem Marketing. Ein Lead ist ein qualifizierter Interessent, der sich zum einen fr ein Unternehmen oder ein Produkt interessiert und der zum anderen dem Werbungtreibenden aus eigenem Antrieb seine Adresse und hnliche Kontaktdaten (Lead = Datensatz) fr einen weiteren Dialogaufbau berlsst und daher mit hoher Wahrscheinlichkeit zum Kunden wird. Leads in hoher Qualitt zu generieren ist eine fundamentale Aufgabe zur Neukundengewinnung. Adressdaten potenzieller Interessenten lassen sich online wie offline zielgruppengenau generieren und in diesen Zwecken liegt auch unser berechtigtes Interesse an der Datenverarbeitung nach Art. 6 Abs. 1 lit. f DSGVO. Wir setzen den Dienst Leadfeeder ein. Dieser verwendet Google Analytics Daten, um so Firmenbesucher zu erkennen. Leadfeeder ist in unserem CRM System &amp; E-Mail Marketing Tool integriert. Dies ist ein Dienst der Liidio Oy, Mikonkatu 17 C, Helsinki 00100, Finland. Die Datenschutzerklrung von Leadfeeder findet man unter https://www.leadfeeder.com/privacy/.</p>\n\n<p></p>\n\n<p>Als weiteres Lead Generation Tool setzen wir den Dienst \"LinkedIn Lead Generation\" ein. LinkedIn setzt zur Leadgenerierung Formulare ein und es knnen Funktionen und Inhalte des Dienstes LinkedIn eingebunden, angeboten durch die LinkedIn AG, Dammtorstrae 29-32, 20354 Hamburg, Deutschland, werden. Sofern die Nutzer Mitglieder der Plattform LinkedIn sind, kann LinkedIn den Aufruf der o.g. Inhalte und Funktionen den dortigen Profilen der Nutzer zuordnen. LinkedIn ist unter dem Privacy-Shield-Abkommen zertifiziert und bietet hierdurch eine Garantie, das europische Datenschutzrecht einzuhalten. In diesem Zusammenhang setzen wir auch Lead Generation Tools von LinkedIn ein. https://www.privacyshield.gov/participant?id=a2zt0000000L0UZAA0&amp;status=Active.</p>\n\n<p></p>\n\n<p>Opt-Out: https://www.linkedin.com/psettings/guest-controls/retargeting-opt-out. Die Datenschutzerklrung von LinkedIn ist zu finden unter https://www.linkedin.com/legal/privacy-policy bzw. https://business.linkedin.com/de-de/marketing-solutions/native-advertising/lead-gen-ads.</p>\n\n<p></p>\n\n<p>Der Einsatz dieser Tools dient Marketingzwecken. In diesen Zwecken liegt auch unser berechtigtes Interesse an der Datenverarbeitung nach Art. 6 Abs. 1 lit. f DSGVO.</p>\n\n<p></p>\n\n<h3>d.) Matelso Call Tracking</h3>\n\n<p>Unsere Webseite benutzt einen Dienst der Matelso GmbH, Stuttgart. Wenn Sie auf einer von Matelso fr uns geschalteten Rufnummer anrufen, werden Informationen zu dem Telefonat in einen von uns verwendeten Webanalysedienst (z.B. Google Analytics) bertragen. Matelso liest ferner von unserem Analysedienst gesetzte Cookies oder andere Parameter der von Ihnen besuchten Internetseite aus, zum Beispiel referrer, document path, remote user agent. Die entsprechenden Informationen werden gem unseren Weisungen von Matelso verarbeitet und auf Servern in der EU gespeichert. Nhere Informationen finden Sie auf: https://www.matelso.de/privacy. Sie knnen die Speicherung von Cookies durch eine entsprechende Einstellung Ihrer Browsersoftware verhindern; wir weisen Sie jedoch darauf hin, dass Sie in diesem Fall ggf. nicht smtliche Funktionen dieser Webseite vollumfnglich werden nutzen knnen.</p>',NULL),(1113,'<p>Bei der Kontaktaufnahme mit uns (z.B. per Kontaktformular, E-Mail, Telefon oder via sozialer Medien) werden die Angaben des Nutzers zur Bearbeitung der Kontaktanfrage und deren Abwicklung gem. Art. 6 Abs. 1 lit. b) DSGVO verarbeitet. Die Angaben der Nutzer knnen in einem Customer-Relationship-Management System (\"CRM System\") oder vergleichbarer Anfragenorganisation gespeichert werden.</p>\n\n<p></p>\n\n<p>Der fr die Verarbeitung Verantwortliche erhebt und verarbeitet die personenbezogenen Daten von Bewerbern zum Zwecke der Abwicklung des Bewerbungsverfahrens. Die Verarbeitung kann auch auf elektronischem Wege erfolgen. Dies ist insbesondere dann der Fall, wenn ein Bewerber entsprechende Bewerbungsunterlagen auf dem elektronischen Wege, beispielsweise per E-Mail oder ber ein auf der Internetseite befindliches Webformular, an den fr die Verarbeitung Verantwortlichen bermittelt. Schliet der fr die Verarbeitung Verantwortliche einen Anstellungsvertrag mit einem Bewerber, werden die bermittelten Daten zum Zwecke der Abwicklung des Beschftigungsverhltnisses unter Beachtung der gesetzlichen Vorschriften gespeichert. Wird von dem fr die Verarbeitung Verantwortlichen kein Anstellungsvertrag mit dem Bewerber geschlossen, so werden die Bewerbungsunterlagen sechs Monate nach Bekanntgabe der Absageentscheidung automatisch gelscht, sofern einer Lschung keine sonstigen berechtigten Interessen des fr die Verarbeitung Verantwortlichen entgegenstehen. Sonstiges berechtigtes Interesse in diesem Sinne ist beispielsweise eine Beweispflicht. Bei der Kontaktaufnahme mit uns (z.B. per Kontaktformular, E-Mail, Telefon oder via sozialer Medien) werden die Angaben des Nutzers zur Bearbeitung der Kontaktanfrage und deren Abwicklung gem. Art. 6 Abs. 1 lit. b) DSGVO verarbeitet. Wir lschen die Anfragen, sofern diese nicht mehr erforderlich sind. Ferner gelten die gesetzlichen Archivierungspflichten.</p>\n\n<p></p>\n\n<p>Wir nutzen in diesem Zusammenhang das Customer Relationship Management System der Fa. eRecruiter GmbH (eRecruiter GmbH, Am Winterhafen 4, A-4020 Linz, Universittsring 8/Stg. II/1A, sterreich). Ihre Bewerbung wird auf deren Server umgeleitet. Es gelten insoweit die Datenschutzbedingungen der eRecruiter GmbH, die unter https://www.erecruiter.net/nutzungsbedingungen-datenschutz/ zu finden sind. Wir drfen Sie gegebenenfalls unter Nutzung der von Ihnen bermittelten Daten kontaktieren und diese Datennutzung dient der Erfllung des Vertragszwecks gem Art. 6 Abs. 1 lit. b EU-Datenschutzgrundverordnung und es besteht auch unser berechtigtes Interesse an der Datenverarbeitung nach Art. 6 Abs. 1 lit. f DSGVO.</p>',NULL),(1114,'<p>Wir unterhalten Onlineprsenzen innerhalb sozialer Netzwerke und Plattformen, um mit den dort aktiven Kunden, Interessenten und Nutzern kommunizieren und sie dort ber unsere Leistungen informieren zu knnen. Beim Aufruf der jeweiligen Netzwerke und Plattformen gelten die Geschftsbedingungen und die Datenverarbeitungsrichtlinien deren jeweiligen Betreiber. Soweit nicht anders im Rahmen unserer Datenschutzerklrung angegeben, verarbeiten wir die Daten der Nutzer sofern diese mit uns innerhalb der sozialen Netzwerke und Plattformen kommunizieren, z.B. Beitrge auf unseren Onlineprsenzen verfassen oder uns Nachrichten zusenden. Wir setzen innerhalb unseres Onlineangebotes auf Grundlage unserer berechtigten Interessen (d.h. Interesse an der Analyse, Optimierung und wirtschaftlichem Betrieb unseres Onlineangebotes im Sinne des Art. 6 Abs. 1 lit. f. DSGVO) Links zu diesen Diensten Dritter.</p>\n\n<p></p>\n\n<p>Dies setzt immer voraus, dass die Drittanbieter dieser Inhalte die IP-Adresse der Nutzer wahrnehmen, da sie ohne die IP-Adresse die Inhalte nicht an deren Browser senden knnten. Die IP-Adresse ist damit fr die Darstellung dieser Inhalte erforderlich. Wir bemhen uns nur solche Inhalte zu verwenden, deren jeweilige Anbieter die IP-Adresse lediglich zur Auslieferung der Inhalte verwenden. Drittanbieter knnen ferner so genannte Pixel-Tags (unsichtbare Grafiken, auch als \"Web Beacons\" bezeichnet) fr statistische oder Marketingzwecke verwenden. Durch die \"Pixel-Tags\" knnen Informationen, wie der Besucherverkehr auf den Seiten dieser Website ausgewertet werden. Die pseudonymen Informationen knnen ferner in Cookies auf dem Gert der Nutzer gespeichert werden und unter anderem technische Informationen zum Browser und Betriebssystem, verweisende Webseiten, Besuchszeit sowie weitere Angaben zur Nutzung unseres Onlineangebotes enthalten, als auch mit solchen Informationen aus anderen Quellen verbunden werden.</p>\n\n<p></p>\n\n<h3>Verwendung von Facebook Social Plugins</h3>\n\n<p>Wir nutzen auf Grundlage unserer berechtigten Interessen (d.h. Interesse an der Analyse, Optimierung und wirtschaftlichem Betrieb unseres Onlineangebotes im Sinne des Art. 6 Abs. 1 lit. f. DSGVO) Social Plugins (\"Plugins\") des sozialen Netzwerkes facebook.com, welches von der Facebook Ireland Ltd., 4 Grand Canal Square, Grand Canal Harbour, Dublin 2, Irland betrieben wird (\"Facebook\"). Die Plugins knnen Interaktionselemente oder Inhalte (z.B. Videos, Grafiken oder Textbeitrge) darstellen und sind an einem der Facebook Logos erkennbar (weies f auf blauer Kachel, den Begriffen \"Like\", \"Gefllt mir\" oder einem Daumen hoch-Zeichen) oder sind mit dem Zusatz \"Facebook Social Plugin\" gekennzeichnet. Die Liste und das Aussehen der Facebook Social Plugins kann hier eingesehen werden: https://developers.facebook.com/docs/plugins/.</p>\n\n<p></p>\n\n<p>Facebook ist unter dem Privacy-Shield-Abkommen zertifiziert und bietet hierdurch eine Garantie, das europische Datenschutzrecht einzuhalten https://www.privacyshield.gov/participant?id=a2zt0000000GnywAAC&amp;status=Active.</p>\n\n<p></p>\n\n<p>Wenn ein Nutzer eine Funktion dieses Onlineangebotes aufruft, die ein solches Plugin enthlt, baut sein Gert eine direkte Verbindung mit den Servern von Facebook auf. Der Inhalt des Plugins wird von Facebook direkt an das Gert des Nutzers bermittelt und von diesem in das Onlineangebot eingebunden. Dabei knnen aus den verarbeiteten Daten Nutzungsprofile der Nutzer erstellt werden. Wir haben daher keinen Einfluss auf den Umfang der Daten, die Facebook mit Hilfe dieses Plugins erhebt und informieren die Nutzer daher entsprechend unserem Kenntnisstand.</p>\n\n<p></p>\n\n<p>Durch die Einbindung der Plugins erhlt Facebook die Information, dass ein Nutzer die entsprechende Seite des Onlineangebotes aufgerufen hat. Ist der Nutzer bei Facebook eingeloggt, kann Facebook den Besuch seinem Facebook-Konto zuordnen. Wenn Nutzer mit den Plugins interagieren, zum Beispiel den Like Button bettigen oder einen Kommentar abgeben, wird die entsprechende Information von Ihrem Gert direkt an Facebook bermittelt und dort gespeichert. Falls ein Nutzer kein Mitglied von Facebook ist, besteht trotzdem die Mglichkeit, dass Facebook seine IP-Adresse in Erfahrung bringt und speichert. Laut Facebook wird in Deutschland nur eine anonymisierte IP-Adresse gespeichert.</p>\n\n<p></p>\n\n<p>Zweck und Umfang der Datenerhebung und die weitere Verarbeitung und Nutzung der Daten durch Facebook sowie die diesbezglichen Rechte und Einstellungsmglichkeiten zum Schutz der Privatsphre der Nutzer, knnen diese den Datenschutzhinweisen von Facebook entnehmen: https://www.facebook.com/about/privacy/.</p>\n\n<p></p>\n\n<p>Wenn ein Nutzer Facebookmitglied ist und nicht mchte, dass Facebook ber dieses Onlineangebot Daten ber ihn sammelt und mit seinen bei Facebook gespeicherten Mitgliedsdaten verknpft, muss er sich vor der Nutzung unseres Onlineangebotes bei Facebook ausloggen und seine Cookies lschen. Weitere Einstellungen und Widersprche zur Nutzung von Daten fr Werbezwecke, sind innerhalb der Facebook-Profileinstellungen mglich: https://www.facebook.com/settings?tab=ads oder ber die US-amerikanische Seite http://www.aboutads.info/choices/ oder die EU-Seite http://www.youronlinechoices.com/. Die Einstellungen erfolgen plattformunabhngig, d.h. sie werden fr alle Gerte, wie Desktopcomputer oder mobile Gerte bernommen.</p>\n\n<p></p>\n\n<h3>Twitter</h3>\n\n<p>Innerhalb unseres Onlineangebotes knnen Funktionen und Inhalte des Dienstes Twitter eingebunden, angeboten durch die Twitter Inc., 1355 Market Street, Suite 900, San Francisco, CA 94103, USA. Hierzu knnen z.B. Inhalte wie Bilder, Videos oder Texte und Schaltflchen gehren, mit denen Nutzer ihr Gefallen betreffend die Inhalte kundtun, den Verfassern der Inhalte oder unsere Beitrge abonnieren knnen. Sofern die Nutzer Mitglieder der Plattform Twitter sind, kann Twitter den Aufruf der o.g. Inhalte und Funktionen den dortigen Profilen der Nutzer zuordnen. Datenschutzerklrung von Twitter: https://twitter.com/de/privacy. Twitter ist unter dem Privacy-Shield-Abkommen zertifiziert und bietet hierdurch eine Garantie, das europische Datenschutzrecht einzuhalten https://www.privacyshield.gov/participant?id=a2zt0000000TORzAAO&amp;status=Active.</p>\n\n<p></p>\n\n<p>Datenschutzerklrung: https://twitter.com/de/privacy, Opt-Out: https://twitter.com/personalization.</p>\n\n<p></p>\n\n<h3>Google Plus</h3>\n\n<p>Innerhalb unseres Onlineangebotes knnen Funktionen und Inhalte des Dienstes Google Plus, der Google Ireland Limited, Gordon House, Barrow Street, Dublin 4, Irland, (Google\") eingebunden und eingesetzt werden. Weitere Informationen zur Datennutzung zu Marketingzwecken durch Google, erfahren Sie auf der bersichtsseite: https://www.google.com/policies/technologies/ads, die Datenschutzerklrung von Google ist unter https://www.google.com/policies/privacy abrufbar.</p>\n\n<p></p>\n\n<h3>Xing</h3>\n\n<p>Innerhalb unseres Onlineangebotes knnen Funktionen und Inhalte des Dienstes Xing eingebunden sein, angeboten durch die XING AG, Dammtorstrae 29-32, 20354 Hamburg, Deutschland. Hierzu knnen z.B. Inhalte wie Bilder, Videos oder Texte und Schaltflchen gehren, mit denen Nutzer Ihr Gefallen betreffend die Inhalte kundtun, den Verfassern der Inhalte oder unsere Beitrge abonnieren knnen. Sofern die Nutzer Mitglieder der Plattform Xing sind, kann Xing den Aufruf der o.g. Inhalte und Funktionen den dortigen Profilen der Nutzer zuordnen. Datenschutzerklrung von Xing: https://www.xing.com/app/share?op=data_protection.</p>\n\n<p></p>\n\n<h3>LinkedIn</h3>\n\n<p>Innerhalb unseres Onlineangebotes knnen Funktionen und Inhalte des Dienstes LinkedIn eingebunden, angeboten durch die LinkedIn Ireland Unlimited Company Wilton Place, Dublin 2, Irland. Hierzu knnen z.B. Inhalte wie Bilder, Videos oder Texte und Schaltflchen gehren, mit denen Nutzer Ihr Gefallen betreffend die Inhalte kundtun, den Verfassern der Inhalte oder unsere Beitrge abonnieren knnen. Sofern die Nutzer Mitglieder der Plattform LinkedIn sind, kann LinkedIn den Aufruf der o.g. Inhalte und Funktionen den dortigen Profilen der Nutzer zuordnen. Datenschutzerklrung von LinkedIn: https://www.linkedin.com/legal/privacy-policy. LinkedIn ist unter dem Privacy-Shield-Abkommen zertifiziert und bietet hierdurch eine Garantie, das europische Datenschutzrecht einzuhalten. In diesem Zusammenhang setzen wir auch Lead Generation Tools von LinkedIn ein. https://www.privacyshield.gov/participant?id=a2zt0000000L0UZAA0&amp;status=Active. Datenschutzerklrung: https://www.linkedin.com/legal/privacy-policy.Opt-Out: https://www.linkedin.com/psettings/guest-controls/retargeting-opt-out.</p>\n\n<p></p>\n\n<h3>Tawk.to</h3>\n\n<p>Innerhalb unseres Onlineangebotes knnen Funktionen und Inhalte des Dienstes Tawk.to eingebunden werden, angeboten durch die Tawk.to. Hierzu knnen z.B. Inhalte wie z.B. aus Chats gehren. Diese Inhalte werden dann per E-Mail zu uns geschickt und gespeichert. Die Datenschutzerklrung von tawk.to finden Sie unter: https://www.tawk.to/privacy-policy</p>',NULL),(1115,'<h3>1. Name und Kontaktdaten der verantwortlichen Stelle und Kontaktdaten des Datenschutzbeauftragten:</h3>\n\n<p>Verantwortliche Stellen:</p>\n\n<p></p>\n\n<p>PALTRON GmbH (Am Sandtorkai 48, 20457 Hamburg, Telefon: +49 (0)40 180 241 180, Email: contact@paltron.com)</p>\n\n<p></p>\n\n<p>Numeris Consulting GmbH</p>\n\n<p>(Am Sandtorkai 48, 20457 Hamburg, Telefon: +49 (0)40 211 076 202, Email; info@numeris-consulting.de),</p>\n\n<p></p>\n\n<p>Sinceritas GmbH</p>\n\n<p>(Am Sandtorkai 48, 20457 Hamburg, Telefon: +49 (0)40 211 076 218, Email: info@sinceritas.com),</p>\n\n<p></p>\n\n<p>alphacoders GmbH</p>\n\n<p>(Am Sandtorkai 48, 20457 Hamburg, Telefon: +49 (0)40 211 0762 03, Email: hello@alphacoders.de),</p>\n\n<p></p>\n\n<p>Foxio Consulting GmbH</p>\n\n<p>(Am Sandtorkai 48, 20457 Hamburg, Telefon: +49 (0) 40 696 326 969, Email: info@foxio.com),</p>\n\n<p></p>\n\n<p>CareerTeam GmbH</p>\n\n<p>(Am Sandtorkai 48, 20457 Hamburg, Telefon: +49 (0)30 403 641 030, Email: info@careerteam.de),</p>\n\n<p></p>\n\n<p>CAREERTEAM Schweiz GmbH</p>\n\n<p>(Feldeggstrasse 4, 8008 Zurich, Telefon: +41 (0)43 508 93 29, Email: hello@careerteam.ch),</p>\n\n<p></p>\n\n<p>CAREERTEAM BV</p>\n\n<p>(Keizersgracht 391A, 1016 EJ Amsterdam, Telefon: +31 (0)20 244 02 47, Email: info@careerteam.nl),</p>\n\n<p></p>\n\n<p>CAREERTEAM S.A.S.</p>\n\n<p>(17-21, rue Saint Fiacre, 75002 Paris, Telefon: +33 1 73 06 21 39, Email: info@careerteam.fr).</p>\n\n<p>Datenschutzbeauftragter fr alle vorgenannten Unternehmen:</p>\n\n<p></p>\n\n<p>Dr. Christian Rauda</p>\n\n<p>Fachanwalt fr Informationstechnologierecht</p>\n\n<p>GRAEF Rechtsanwlte Digital Partnerschaftsgesellschaft mbB</p>\n\n<p>Jungfrauenthal 8</p>\n\n<p>20149 Hamburg</p>\n\n<p>Tel. +49.40.80 6000 9-0</p>\n\n<p>Fax +49.40.80 6000 9-10</p>\n\n<p></p>\n\n<h3>2. Zwecke, fr die die personenbezogenen Daten verarbeitet werden sollen, sowie die Rechtsgrundlagefr die Verarbeitung</h3>\n\n<p>Zusammenbringen geeigneter Kandidaten  als Einzelperson oder im Team  und Unternehmen zum Zweck des Abschlusses eines Arbeitsvertrags. Die Verarbeitung beruht auf Art. 6 Abs. 1 lit. f) DGSVO.</p>\n\n<p></p>\n\n<h3>3. Kategorien personenbezogener Daten, die verarbeitet werden</h3>\n\n<p>Name, Xing- oder LinkedIn-Link, Aktuelle Position, Aktueller Arbeitgeber, ggf. Korrespondenz mit Kandidat</p>\n\n<p></p>\n\n<h3>4. Empfnger oder Kategorien von Empfngern der personenbezogenen Daten;</h3>\n\n<p>Jeweils interne Abteilung der oben benannten verantwortlichen Stellen, die Recruiting fr Unternehmen betreiben. Erst nach Zustimmung des Kandidaten werden die Daten an einen potentiellen Arbeitsgeber weitergegeben.</p>\n\n<p></p>\n\n<h3>5. Absicht des Verantwortlichen, die personenbezogenen Daten an einen Empfnger in einem Drittlandoder einer internationalen Organisation zu bermitteln</h3>\n\n<p>Es erfolgt keine Datenbermittlung auerhalb der EU</p>\n\n<p></p>\n\n<h3>6. Dauer, fr die die personenbezogenen Daten gespeichert werden oder, falls dies nicht mglich ist,die Kriterien fr die Festlegung dieser Dauer</h3>\n\n<p>Die Daten werden so lange gespeichert, wie der Betroffene potentiell als Kandidat fr spannende Jobangebote in Betracht kommt.</p>\n\n<p></p>\n\n<h3>7. Wenn die Verarbeitung auf Artikel 6 Absatz 1 Buchstabe f beruht, die berechtigten Interessen, die   von dem Verantwortlichen oder einem Dritten verfolgt werden</h3>\n\n<p>Wir wollen Kandidaten mglichst individuell und persnlich ansprechen und diesen ausschlielich Jobs anbieten, von denen wir berzeugt sind, dass sie perfekt auf den Kandidaten passen. Wir vermitteln im Unternehmensverbund nicht nur Einzelkandidaten, sondern stellen auch berufsfeldbergreifende Teams zusammen. Wir haben ferner ein wirtschaftliches Interesse an der Vermittlung von Stellen.</p>\n\n<p></p>\n\n<h3>8. Quelle, aus der die personenbezogenen Daten stammen und gegebenenfalls ob sie aus ffentlichzugnglichen Quellen stammen;</h3>\n\n<p>Xing oder LinkedIn (ffentliche Daten)</p>\n\n<p></p>\n\n<h3>9. Betroffenenrechte</h3>\n\n<p>Werden personenbezogene Daten vom Kandidaten  also von Ihnen  verarbeitet, ist er Betroffener i.S.d. DSGVO und es stehen ihm Rechte gegenber den Verantwortlichen zu.</p>\n\n<p></p>\n\n<p>Diese finden Sie fr die verantwortliche Stelle zu 1. unter Ziffer 1 im nachfolgenden Paragrafen dieser Datenschutzerklrung (Rmisch VIII.).</p>\n\n<p></p>\n\n<p>sowie fr die verantwortliche Stellen zu 1. unter Ziffer 2 unter folgenden Links:Numeris Consulting GmbH: https://www.numeris-consulting.de/datenschutzSinceritas GmbH: https://www.sinceritas.com/datenschutzalphacoders GmbH: https://www.alphacoders.de/datenschutzFoxio Consulting GmbH https://www.foxio.com/datenschutzCAREERTEAM GmbH: https://www.careerteam.de/datenschutzCAREERTEAM Schweiz GmbH: https://www.careerteam.ch/datenschutzCAREERTEAM BV: https://www.careerteam.nl/privacyverklaringCAREERTEAM S.A.S. : https://www.careerteam.fr/protection-des-donnees</p>',NULL),(1116,'<p>Werden personenbezogene Daten von Ihnen verarbeitet, sind Sie Betroffener i.S.d. DSGVO und es stehen Ihnen folgende Rechte gegenber dem Verantwortlichen zu:</p>\n\n<p></p>\n\n<h3>1. Auskunftsrecht</h3>\n\n<p>Sie knnen von dem Verantwortlichen eine Besttigung darber verlangen, ob personenbezogene Daten, die Sie betreffen, von uns verarbeitet werden. Liegt eine solche Verarbeitung vor, knnen Sie von dem Verantwortlichen ber folgende Informationen Auskunft verlangen:</p>\n\n<p></p>\n\n<p>die Zwecke, zu denen die personenbezogenen Daten verarbeitet werden;</p>\n\n<p>die Kategorien von personenbezogenen Daten, welche verarbeitet werden;</p>\n\n<p>die Empfnger bzw. die Kategorien von Empfngern, gegenber denen die Sie betreffenden personenbezogenen Daten offengelegt wurden oder noch offengelegt werden;</p>\n\n<p>die geplante Dauer der Speicherung der Sie betreffenden personenbezogenen Daten oder, falls konkrete Angaben hierzu nicht mglich sind, Kriterien fr die Festlegung der Speicherdauer;</p>\n\n<p>das Bestehen eines Rechts auf Berichtigung oder Lschung der Sie betreffenden personenbezogenen Daten, eines Rechts auf Einschrnkung der Verarbeitung durch den Verantwortlichen oder eines Widerspruchsrechts gegen diese Verarbeitung;</p>\n\n<p>das Bestehen eines Beschwerderechts bei einer Aufsichtsbehrde;</p>\n\n<p>alle verfgbaren Informationen ber die Herkunft der Daten, wenn die personenbezogenen Daten nicht bei der betroffenen Person erhoben werden;</p>\n\n<p>Ihnen steht das Recht zu, Auskunft darber zu verlangen, ob die Sie betreffenden personenbezogenen Daten in ein Drittland oder an eine internationale Organisation bermittelt werden. In diesem Zusammenhang knnen Sie verlangen, ber die geeigneten Garantien gem. Art. 46 DSGVO im Zusammenhang mit der bermittlung unterrichtet zu werden.</p>\n\n<p></p>\n\n<h3>2. Recht auf Berichtigung</h3>\n\n<p>Sie haben ein Recht auf Berichtigung und/oder Vervollstndigung gegenber dem Verantwortlichen, sofern die verarbeiteten personenbezogenen Daten, die Sie betreffen, unrichtig oder unvollstndig sind. Der Verantwortliche hat die Berichtigung unverzglich vorzunehmen.</p>\n\n<p></p>\n\n<h3>3. Recht auf Einschrnkung der Verarbeitung</h3>\n\n<p>Unter den folgenden Voraussetzungen knnen Sie die Einschrnkung der Verarbeitung der Sie betreffenden personenbezogenen Daten verlangen:</p>\n\n<p></p>\n\n<p>wenn Sie die Richtigkeit der Sie betreffenden personenbezogenen fr eine Dauer bestreiten, die es dem Verantwortlichen ermglicht, die Richtigkeit der personenbezogenen Daten zu berprfen;</p>\n\n<p>die Verarbeitung unrechtmig ist und Sie die Lschung der personenbezogenen Daten ablehnen und stattdessen die Einschrnkung der Nutzung der personenbezogenen Daten verlangen;</p>\n\n<p>der Verantwortliche die personenbezogenen Daten fr die Zwecke der Verarbeitung nicht lnger bentigt, Sie diese jedoch zur Geltendmachung, Ausbung oder Verteidigung von Rechtsansprchen bentigen, oder</p>\n\n<p>wenn Sie Widerspruch gegen die Verarbeitung gem Art. 21 Abs. 1 DSGVO eingelegt haben und noch nicht feststeht, ob die berechtigten Grnde des Verantwortlichen gegenber Ihren Grnden berwiegen. Wurde die Verarbeitung der Sie betreffenden personenbezogenen Daten eingeschrnkt, drfen diese Daten  von ihrer Speicherung abgesehen  nur mit Ihrer Einwilligung oder zur Geltendmachung, Ausbung oder Verteidigung von Rechtsansprchen oder zum Schutz der Rechte einer anderen natrlichen oder juristischen Person oder aus Grnden eines wichtigen ffentlichen Interesses der Union oder eines Mitgliedstaats verarbeitet werden. Wurde die Einschrnkung der Verarbeitung nach den o.g. Voraussetzungen eingeschrnkt, werden Sie von dem Verantwortlichen unterrichtet bevor die Einschrnkung aufgehoben wird.</p>\n\n<p></p>\n\n<h3>4. Recht auf Lschung</h3>\n\n<h3>a) Lschungspflicht</h3>\n\n<p>Sie knnen von dem Verantwortlichen verlangen, dass die Sie betreffenden personenbezogenen Daten unverzglich gelscht werden, und der Verantwortliche ist verpflichtet, diese Daten unverzglich zu lschen, sofern einer der folgenden Grnde zutrifft:</p>\n\n<p></p>\n\n<p>Die Sie betreffenden personenbezogenen Daten sind fr die Zwecke, fr die sie erhoben oder auf sonstige Weise verarbeitet wurden, nicht mehr notwendig.</p>\n\n<p>Sie widerrufen Ihre Einwilligung, auf die sich die Verarbeitung gem. Art. 6 Abs. 1 lit. a oder Art. 9 Abs. 2 lit. a DSGVO sttzte, und es fehlt an einer anderweitigen Rechtsgrundlage fr die Verarbeitung.</p>\n\n<p>Sie legen gem. Art. 21 Abs. 1 DSGVO Widerspruch gegen die Verarbeitung ein und es liegen keine vorrangigen berechtigten Grnde fr die Verarbeitung vor, oder Sie legen gem. Art. 21 Abs. 2 DSGVO Widerspruch gegen die Verarbeitung ein.</p>\n\n<p>Die Sie betreffenden personenbezogenen Daten wurden unrechtmig verarbeitet.</p>\n\n<p>Die Lschung der Sie betreffenden personenbezogenen Daten ist zur Erfllung einer rechtlichen Verpflichtung nach dem Unionsrecht oder dem Recht der Mitgliedstaaten erforderlich, dem der Verantwortliche unterliegt.</p>\n\n<p>Die Sie betreffenden personenbezogenen Daten wurden in Bezug auf angebotene Dienste der Informationsgesellschaft gem Art. 8 Abs. 1 DSGVO erhoben.</p>\n\n<p></p>\n\n<h3>b) Information an Dritte</h3>\n\n<p>Hat der Verantwortliche die Sie betreffenden personenbezogenen Daten ffentlich gemacht und ist er gem. Art. 17 Abs. 1 DSGVO zu deren Lschung verpflichtet, so trifft er unter Bercksichtigung der verfgbaren Technologie und der Implementierungskosten angemessene Manahmen, auch technischer Art, um fr die Datenverarbeitung Verantwortliche, die die personenbezogenen Daten verarbeiten, darber zu informieren, dass Sie als betroffene Person von ihnen die Lschung aller Links zu diesen personenbezogenen Daten oder von Kopien oder Replikationen dieser personenbezogenen Daten verlangt haben.</p>\n\n<p></p>\n\n<h3>c) Ausnahmen</h3>\n\n<p>Das Recht auf Lschung besteht nicht, soweit die Verarbeitung erforderlich ist</p>\n\n<p></p>\n\n<p>zur Ausbung des Rechts auf freie Meinungsuerung und Information;</p>\n\n<p>zur Erfllung einer rechtlichen Verpflichtung, die die Verarbeitung nach dem Recht der Union oder der Mitgliedstaaten, dem der Verantwortliche unterliegt, erfordert, oder zur Wahrnehmung einer Aufgabe, die im ffentlichen Interesse liegt oder in Ausbung ffentlicher Gewalt erfolgt, die dem Verantwortlichen bertragen wurde;</p>\n\n<p>aus Grnden des ffentlichen Interesses im Bereich der ffentlichen Gesundheit gem Art. 9 Abs. 2 lit. h und i sowie Art. 9 Abs. 3 DSGVO;</p>\n\n<p>zur Geltendmachung, Ausbung oder Verteidigung von Rechtsansprchen.</p>\n\n<p></p>\n\n<h3>5. Recht auf Unterrichtung</h3>\n\n<p>Haben Sie das Recht auf Berichtigung, Lschung oder Einschrnkung der Verarbeitung gegenber dem Verantwortlichen geltend gemacht, ist dieser verpflichtet, allen Empfngern, denen die Sie betreffenden personenbezogenen Daten offengelegt wurden, diese Berichtigung oder Lschung der Daten oder Einschrnkung der Verarbeitung mitzuteilen, es sei denn, dies erweist sich als unmglich oder ist mit einem unverhltnismigen Aufwand verbunden. Ihnen steht gegenber dem Verantwortlichen das Recht zu, ber diese Empfnger unterrichtet zu werden.</p>\n\n<p></p>\n\n<h3>6. Recht auf Datenbertragbarkeit</h3>\n\n<p>Sie haben das Recht, die Sie betreffenden personenbezogenen Daten, die Sie dem Verantwortlichen bereitgestellt haben, in einem strukturierten, gngigen und maschinenlesbaren Format zu erhalten. Auerdem haben Sie das Recht diese Daten einem anderen Verantwortlichen ohne Behinderung durch den Verantwortlichen, dem die personenbezogenen Daten bereitgestellt wurden, zu bermitteln, sofern</p>\n\n<p></p>\n\n<p>die Verarbeitung auf einer Einwilligung gem. Art. 6 Abs. 1 lit. a DSGVO oder Art. 9 Abs. 2 lit. a DSGVO oder auf einem Vertrag gem. Art. 6 Abs. 1 lit. b DSGVO beruht unddie Verarbeitung mithilfe automatisierter Verfahren erfolgt.</p>\n\n<p>In Ausbung dieses Rechts haben Sie ferner das Recht, zu erwirken, dass die Sie betreffenden personenbezogenen Daten direkt von einem Verantwortlichen einem anderen Verantwortlichen bermittelt werden, soweit dies technisch machbar ist. Freiheiten und Rechte anderer Personen drfen hierdurch nicht beeintrchtigt werden. Das Recht auf Datenbertragbarkeit gilt nicht fr eine Verarbeitung personenbezogener Daten, die fr die Wahrnehmung einer Aufgabe erforderlich ist, die im ffentlichen Interesse liegt oder in Ausbung ffentlicher Gewalt erfolgt, die dem Verantwortlichen bertragen wurde.</p>\n\n<p></p>\n\n<h3>7. Widerspruchsrecht</h3>\n\n<p>Sie haben das Recht, aus Grnden, die sich aus ihrer besonderen Situation ergeben, jederzeit gegen die Verarbeitung der Sie betreffenden personenbezogenen Daten, die aufgrund von Art. 6 Abs. 1 lit. e oder f DSGVO erfolgt, Widerspruch einzulegen; dies gilt auch fr ein auf diese Bestimmungen gesttztes Profiling. Der Verantwortliche verarbeitet die Sie betreffenden personenbezogenen Daten nicht mehr, es sei denn, er kann zwingende schutzwrdige Grnde fr die Verarbeitung nachweisen, die Ihre Interessen, Rechte und Freiheiten berwiegen, oder die Verarbeitung dient der Geltendmachung, Ausbung oder Verteidigung von Rechtsansprchen. Werden die Sie betreffenden personenbezogenen Daten verarbeitet, um Direktwerbung zu betreiben, haben Sie das Recht, jederzeit Widerspruch gegen die Verarbeitung der Sie betreffenden personenbezogenen Daten zum Zwecke derartiger Werbung einzulegen; dies gilt auch fr das Profiling, soweit es mit solcher Direktwerbung in Verbindung steht.</p>\n\n<p></p>\n\n<p>Widersprechen Sie der Verarbeitung fr Zwecke der Direktwerbung, so werden die Sie betreffenden personenbezogenen Daten nicht mehr fr diese Zwecke verarbeitet. Sie haben die Mglichkeit, im Zusammenhang mit der Nutzung von Diensten der Informationsgesellschaft  ungeachtet der Richtlinie 2002/58/EG  Ihr Widerspruchsrecht mittels automatisierter Verfahren auszuben, bei denen technische Spezifikationen verwendet werden. Sie knnen hierzu eine E-Mail an unseren Datenschutzbeauftragten senden.</p>\n\n<p></p>\n\n<h3>8. Recht auf Widerruf der datenschutzrechtlichen Einwilligungserklrung</h3>\n\n<p>Sie haben das Recht, Ihre datenschutzrechtliche Einwilligungserklrung jederzeit zu widerrufen. Durch den Widerruf der Einwilligung wird die Rechtmigkeit der aufgrund der Einwilligung bis zum Widerruf erfolgten Verarbeitung nicht berhrt.</p>\n\n<p></p>\n\n<h3>9. Automatisierte Entscheidung im Einzelfall einschlielich Profiling</h3>\n\n<p>Sie haben das Recht, nicht einer ausschlielich auf einer automatisierten Verarbeitung  einschlielich Profiling  beruhenden Entscheidung unterworfen zu werden, die Ihnen gegenber rechtliche Wirkung entfaltet oder Sie in hnlicher Weise erheblich beeintrchtigt. Dies gilt nicht, wenn die Entscheidung</p>\n\n<p></p>\n\n<p>fr den Abschluss oder die Erfllung eines Vertrags zwischen Ihnen und dem Verantwortlichen erforderlich ist,</p>\n\n<p>aufgrund von Rechtsvorschriften der Union oder der Mitgliedstaaten, denen der Verantwortliche unterliegt, zulssig ist und diese Rechtsvorschriften angemessene Manahmen zur Wahrung Ihrer Rechte und Freiheiten sowie Ihrer berechtigten Interessen enthalten oder</p>\n\n<p>mit Ihrer ausdrcklichen Einwilligung erfolgt.</p>\n\n<p>Allerdings drfen diese Entscheidungen nicht auf besonderen Kategorien personenbezogener Daten nach Art. 9 Abs. 1 DSGVO beruhen, sofern nicht Art. 9 Abs. 2 lit. a oder g DSGVO gilt und angemessene Manahmen zum Schutz der Rechte und Freiheiten sowie Ihrer berechtigten Interessen getroffen wurden. Hinsichtlich der in (1) und (3) genannten Flle trifft der Verantwortliche angemessene Manahmen, um die Rechte und Freiheiten sowie Ihre berechtigten Interessen zu wahren, wozu mindestens das Recht auf Erwirkung des Eingreifens einer Person seitens des Verantwortlichen, auf Darlegung des eigenen Standpunkts und auf Anfechtung der Entscheidung gehrt.</p>\n\n<p></p>\n\n<h3>10. Recht auf Beschwerde bei einer Aufsichtsbehrde</h3>\n\n<p>Unbeschadet eines anderweitigen verwaltungsrechtlichen oder gerichtlichen Rechtsbehelfs steht Ihnen das Recht auf Beschwerde bei einer Aufsichtsbehrde, insbesondere in dem Mitgliedstaat ihres Aufenthaltsorts, ihres Arbeitsplatzes oder des Orts des mutmalichen Verstoes, zu, wenn Sie der Ansicht sind, dass die Verarbeitung der Sie betreffenden personenbezogenen Daten gegen die DSGVO verstt.</p>\n\n<p></p>\n\n<p>Die Aufsichtsbehrde, bei der die Beschwerde eingereicht wurde, unterrichtet den Beschwerdefhrer ber den Stand und die Ergebnisse der Beschwerde einschlielich der Mglichkeit eines gerichtlichen Rechtsbehelfs nach Art. 78 DSGVO.</p>',NULL),(1105,'<h3>Anschrift:</h3>\n\n<p>PALTRON GmbH</p>\n\n<p>Am Sandtorkai 48</p>\n\n<p>20457 Hamburg, Germany</p>\n\n<p></p>\n\n<p>T: +49 (0)40 180 241 180</p>\n\n<p>E: contact(at)paltron.com</p>\n\n<p></p>\n\n<p>Link: <a	href=\"/data-policy/\">zu unserer Datenschutzerklrung</a></p>\n\n<p></p>\n\n<h3>Sitz der Gesellschaft:</h3>\n\n<p>Am Sandtorkai 48, 20457 Hamburg, Germany</p>\n\n<p></p>\n\n<h3>Geschftsfhrer und Verantwortliche gem.  5 Telemediengesetz:</h3>\n\n<p>Josef Gnthner, Daniel Wernicke</p>\n\n<p></p>\n\n<h3>Handelsregister:</h3>\n\n<p>Amtsgericht Hamburg,</p>\n\n<p>Handelsregister HRB: 137019</p>\n\n<p>Umsatzsteuer-ID: DE300567964</p>\n\n<p></p>\n\n<h3>Haftungsausschluss:</h3>\n\n<p>Die Informationen auf diesen Internet-Seiten werden regelmig aktualisiert. Dennoch knnen sich Daten trotz aller Sorgfalt inzwischen verndert haben oder Fehler und Ungenauigkeiten enthalten. Eine Haftung oder Garantie fr die Aktualitt, Richtigkeit und Vollstndigkeit der zur Verfgung gestellten Informationen kann daher nicht bernommen werden. Dies gilt auch fr alle anderen Internet-Seiten, auf die mittels direkten oder indirekten Verweisen (\"Links\") verwiesen wird. PALTRON ist auch fr den Inhalt von Internet-Seiten, die aufgrund einer solchen Verlinkung erreicht werden, nicht verantwortlich. Alle Angebote sind freibleibend und unverbindlich. PALTRON behlt es sich ausdrcklich vor, Teile der Seiten oder das gesamte Angebot ohne gesonderte Ankndigung zu verndern, zu ergnzen, zu lschen oder die Verffentlichung zeitweise oder endgltig einzustellen. Inhalt und Struktur dieser Internet-Seiten sind urheberrechtlich geschtzt. Die Vervielfltigung von Informationen oder Daten, insbesondere von Textteilen oder Bildmaterial bedarf der vorherigen Zustimmung des Herausgebers.</p>',''),(1124,'<h3>Wir finden fiir Dich attraktive Fiihrungspositionen in der digitaten Wirtschaft</h3>\n\n<p>Als Europas hihrende Personalberatung im digitaten Umfeld bringt CareerTeam Dich mit Fiihrungspositionen von spannenden Arbeitgebern zusarnmen. fin Ra Amen unseen pramierten Executive Search-Prozess nehmen wir uns Zeit. Dich auf fachlicher und personlicher Ebene genau zu verstehen. Dank unserer engen Verbindungen in die Digitalwirtschaft sind wir so in der Lage. dir auf dich zugeschnittene Karrieremoglichkeiten anzubieten. Die VertrauUchkeit Doings personlichen Daten hat dabei fur uns hochste Prioritat.</p>',NULL),(1133,'<p><em>Wir gestalten einen ganzen Industriezweig mit Fokus auf die wichtigsten IT-Themen unserer globalen Gesellschaft</em><br />\n</p>',NULL),(1134,'<p><em>Wir gestalten einen ganzen Industriezweig mit Fokus auf die wichtigsten IT-Themen unserer globalen Gesellschaft</em><br />\n</p>',NULL),(1135,'<p><em>Wir gestalten einen ganzen Industriezweig mit Fokus auf die wichtigsten IT-Themen unserer globalen Gesellschaft</em><br />\n</p>',NULL),(1144,'<p>Lorem ipsum dolor sit amet, consectetur adipiscing elit, sed do siusmod tempor incididunt ut labore et dolore magna aliqua. Ut</p>',NULL),(1145,'<p>Lorem ipsum dolor sit amet, consectetur adipiscing elit, sed do siusmod tempor incididunt ut labore et dolore magna aliqua. Ut</p>',NULL),(1146,'<p>Lorem ipsum dolor sit amet, consectetur adipiscing elit, sed do siusmod tempor incididunt ut labore et dolore magna aliqua. Ut</p>',NULL),(1226,'',''),(1228,'',''),(1230,'',''),(1232,'',''),(1234,'',''),(1236,'',''),(1238,'',''),(1240,'',''),(1242,'',''),(1129,'<p>Lorem ipsum dolor sit amet, consectetur adipiscing elit, sed do eiusmod tempor incididunt ut labore et dolore magna aliqua. Ut enim ad minim veniam, quis nostrud exercitation ullamco laboris nisi ut aliquip ex ea commodo consequat. Duis aute irure dolor in reprehenderit in voluptate velit esse cillum dolore eu fugiat nulla pariatur. Excepteur sint occaecat cupidatat non proident, sunt in culpa qui officia deserunt mollit anim id est laborum.</p>\n\n<p>Sed ut perspiciatis unde omnis iste natus error sit voluptatem accusantium doloremque laudantium, totam rem aperiam, eaque ipsa quae ab illo inventore veritatis et quasi architecto beatae vitae dicta sunt explicabo. Nemo enim ipsam voluptatem quia voluptas sit aspernatur aut odit aut fugit, sed quia consequuntur magni dolores eos qui ratione voluptatem sequi nesciunt. Neque porro quisquam est, qui dolorem ipsum quia dolor sit amet, consectetur, adipisci velit, sed quia non numquam eius modi tempora incidunt ut labore et dolore magnam aliquam quaerat voluptatem. Ut enim ad minima veniam, quis nostrum exercitationem ullam corporis suscipit laboriosam, nisi ut aliquid ex ea commodi consequatur? Quis autem vel eum iure reprehenderit qui in ea voluptate velit esse quam nihil molestiae consequatur, vel illum qui dolorem eum fugiat quo voluptas nulla pariatur?</p>\n\n<h3>Sed ut perspiciatis unde omnis iste natus error sit voluptatem</h3>\n\n<p>Lorem ipsum dolor sit amet, consectetur adipiscing elit, sed do eiusmod tempor incididunt ut labore et dolore magna aliqua. Ut enim ad minim veniam, quis nostrud exercitation ullamco laboris nisi ut aliquip ex ea commodo consequat. Duis aute irure dolor in reprehenderit in voluptate velit esse cillum dolore eu fugiat nulla pariatur. Excepteur sint occaecat cupidatat non proident, sunt in culpa qui officia deserunt mollit anim id est laborum. Sed ut perspiciatis unde omnis iste natus error sit voluptatem accusantium doloremque laudantium, totam rem aperiam, eaque ipsa quae ab illo inventore veritatis et quasi architecto beatae vitae dicta sunt explicabo. Nemo enim ipsam voluptatem quia voluptas sit aspernatur aut odit aut fugit, sed quia consequuntur magni dolores eos qui ratione voluptatem sequi nesciunt. Neque porro quisquam est, qui dolorem ipsum quia dolor sit amet, consectetur, adipisci velit, sed quia non numquam eius modi tempora incidunt ut labore et dolore magnam aliquam quaerat voluptatem. Ut enim ad minima veniam, quis nostrum exercitationem ullam corporis suscipit laboriosam, nisi ut aliquid ex ea commodi consequatur</p>\n\n<h3>Sed ut perspiciatis unde omnis iste natus error sit voluptatem</h3>\n\n<p>Lorem ipsum dolor sit amet, consectetur adipiscing elit, sed do eiusmod tempor incididunt ut labore et dolore magna aliqua. Ut enim ad minim veniam, quis nostrud exercitation ullamco laboris nisi ut aliquip ex ea commodo consequat. Duis aute irure dolor in reprehenderit in voluptate velit esse cillum dolore eu fugiat nulla pariatur. Excepteur sint occaecat cupidatat non proident, sunt in culpa qui officia deserunt mollit anim id est laborum. Sed ut perspiciatis unde omnis iste natus error sit voluptatem accusantium doloremque laudantium, totam rem aperiam,</p>',''),(1170,'<p>Lorem ipsum dolor sit amet, consectetur adipiscing elit, sed do eiusmod tempor incididunt ut labore et dolore magna aliqua.</p>',NULL),(1171,'<p>Lorem ipsum dolor sit amet, consectetur adipiscing elit, sed do eiusmod tempor incididunt ut labore et dolore magna aliqua.</p>',NULL),(1172,'<p>Lorem ipsum dolor sit amet, consectetur adipiscing elit, sed do eiusmod tempor incididunt ut labore et dolore magna aliqua.</p>',NULL),(1173,'<p>Lorem ipsum dolor sit amet, consectetur adipiscing elit, sed do eiusmod tempor incididunt ut labore et dolore magna aliqua.</p>',NULL),(1181,'<h2>IT-Architektur  Angelpunkt der Digitalisierung</h2>\n\n<p>IT-Architektur beschreibt die technischen Komponenten, z.B. IT-Systeme, Anwendungen, Integrationsschnittstellen, Datenstrukturen und Infrastrukturkomponenten und deren Zusammenspiel miteinander. Modelle von IT-Architekturen knnen zum einen fr eine effiziente Bestandsverwaltung von IT-Komponenten genutzt werden und zum anderen auch als Planungsinstrument dienen. Neben IT-Architekturmodellen sind die Vorgaben, nach denen IT-Architekturen zu erstellen sind (z.B. Technologiestandards, Architekturprinzipien), ebenfalls integraler Bestandteil der IT-Architekturmanagements.</p>\n\n<p>Fr das Management und die Modellierung von IT-Architekturen existieren am Markt zahlreiche Tools und Frameworks, wie z.B. TOGAF, C4iSR oder LeanIX. Vielfach sind Unternehmensleitung und auch IT-Verantwortliche aufgrund der Anforderungen sowie der Flle an Angeboten und Lsungen berfordert. Entscheidungen ber IT-Architekturen zu treffen ist daher nicht immer einfach. So wurden in der Vergangenheit oft unkoordiniert IT-Systeme aufgebaut und Applikationen entwickelt, die anschlieend im Betrieb und Support Unmengen von Geld und Ressourcen verschlungen haben oder schlicht nicht mehr wartungsfhig waren. Eingesetzte IT-Infrastrukturen und IT-Applikationen sind insbesondere in mittleren und groen Unternehmen bzw. Verwaltungen oft organisch gewachsen. ber viele Jahre hinweg ist so eine umfangreiche IT Anwendungslandschaft, basierend auf sehr unterschiedlichen Technologien, Entwicklungsparadigmen und Tools entstanden.</p>\n\n<p>Die Frage, mit der sich Entscheidungstrger heutzutage auseinandersetzen mssen, ist, welche Rahmenbedingungen fr die Implementierung eines systematischen IT-Architekturmanagements erfllt sein mssen. Hierfr bedarf es an erster Stelle die Geschfts- und IT-Strategie in bereinstimmung zu bringen, sodass die Gesamtstrategie des Unternehmens die Ausgestaltung der IT-Strategie ganzheitlich bedingen kann. Weiterhin knnen durch die Einfhrung von standardbasierten Hard- und Softwarelsungen eine erhhte Datenverfgbarkeit, Flexibilitt und Adaptionsfhigkeit erreicht werden. Ebenso lassen sich durch eine modulare, integrierte Systemarchitektur die Skalierbarkeit, Effizienz und Ressourcenauslastung von IT-Anwendungen wesentlich verbessern. Letztlich fhrt eine Vereinfachung bzw. Vereinheitlichung der IT-Landschaft zu einer Verbesserung der betrieblichen Effizienz und der Verwaltungsaufwand und die Supportkosten knnen reduziert werden.</p>\n\n<p>Damit auch Ihr Unternehmen den zunehmenden IT-Architektur Anforderungen gewachsen ist, finden wir gemeinsam mit Ihnen die idealen Kandidaten. Lassen Sie sich von uns, als fhrende digitale Personalberatung, berzeugen und kontaktieren Sie uns. Unsere Headhunting-Experten beraten Sie gerne!</p>',''),(1209,'<h2>IT-Architekt  Visionr und Analyst gleichermaen</h2>\n\n<p>IT-Architekten (Architekt, griechisch fr Oberster Handwerker) sind wie bei dem Bau einer Immobilie die unverzichtbaren Vordenker eines IT-Projekts. Sie sind fr das Zusammenspiel von Infrastrukturen und Software, sowie der Schnittstellen verantwortlich, und garantieren die Homogenitt des Systems. Sie planen und definieren nicht nur die Systemarchitekturen, sondern sind auch fr die Analyse neue Trends und deren Potential zur Standardisierung zustndig. Um eine effiziente Unternehmensarchitektur sicherstellen zu knnen, arbeiten sie fr die Konzeption neuer Anwendungen und Lsungen eng mit Entwicklern zusammen.</p>\n\n<p>Sie entscheiden z.B. wie eine bestehende und in die Jahre gekommene IT-Infrastruktur im Zuge der Digitalisierung/Modernisierung neu gestaltet werden kann. Soll die gesamte Umgebung neu geschrieben und in die Cloud implementiert werden oder soll lieber nur das Frontend berarbeitet und an das alte System angedockt werden? Welche Frameworks und Programme sollen in Zukunft benutzt werden? In solchen Situationen muss ein guter IT-Architekt den Blick fr das groe Ganze behalten. Es gilt die Balance zwischen einerseits den neuen Anforderungen und dem Wunsch nach Flexibilitt und Agilitt, sowie andererseits dem stabilen Betrieb des Kerngeschftes zu finden. Hier muss der IT-Architekt mglichst breit aufgestellt sein, auf einen Schatz an Erfahrungen zurckgreifen knnen und die richtigen Worte finden, um trotz kontroverser Meinungen die fr die IT-Landschaft richtige und auch oftmals komplexe Entscheidung herbeizufhren.</p>\n\n<p>Die besten Kandidaten aus dem Bereich IT-Architecture bringen einige Jahre Berufserfahrung als Informatiker oder Wirtschaftsinformatiker mit. Dabei hilft es, wenn man sowohl Erfahrungen in der Entwicklung als auch im Betrieb vorweisen kann. Nicht selten waren gute IT-Architekten deshalb vorher als IT-Consultant ttig und haben im besten Fall bereits kleine bis mittelgroe Teams geleitet.</p>\n\n<p>Wir als fhrende digitale Personalberatung untersttzen Sie bei der Suche nach IT-Architekten, die ihr ausgeprgtes technisches Know-How mit einer berzeugenden, motivierenden und kommunikativen Ausstrahlung vereinen. Dafr beziehen wir in unseren Recruiting Prozess sowohl eine datengetriebene Executive Search als auch auf den Cultural Fit mit ein. So finden wir genau den Kandidaten, der perfekt zu Ihnen und Ihrem Unternehmen passt!</p>',NULL);

/*Table structure for table `field_cta_image` */

DROP TABLE IF EXISTS `field_cta_image`;

CREATE TABLE `field_cta_image` (
  `pages_id` int(10) unsigned NOT NULL,
  `data` varchar(250) NOT NULL,
  `sort` int(10) unsigned NOT NULL,
  `description` text NOT NULL,
  `modified` datetime DEFAULT NULL,
  `created` datetime DEFAULT NULL,
  `filedata` mediumtext,
  PRIMARY KEY (`pages_id`,`sort`),
  KEY `data` (`data`),
  KEY `modified` (`modified`),
  KEY `created` (`created`),
  FULLTEXT KEY `description` (`description`),
  FULLTEXT KEY `filedata` (`filedata`)
) ENGINE=MyISAM DEFAULT CHARSET=utf8;

/*Data for the table `field_cta_image` */

insert  into `field_cta_image`(`pages_id`,`data`,`sort`,`description`,`modified`,`created`,`filedata`) values (1,'typeform-placeholder.jpg',0,'[\"\"]','2019-06-12 17:20:59','2019-06-12 17:20:59','');

/*Table structure for table `field_date` */

DROP TABLE IF EXISTS `field_date`;

CREATE TABLE `field_date` (
  `pages_id` int(10) unsigned NOT NULL,
  `data` datetime NOT NULL,
  PRIMARY KEY (`pages_id`),
  KEY `data` (`data`)
) ENGINE=MyISAM DEFAULT CHARSET=utf8;

/*Data for the table `field_date` */

insert  into `field_date`(`pages_id`,`data`) values (1238,'2019-06-25 00:00:00'),(1236,'2019-06-25 00:00:00'),(1234,'2019-06-25 00:00:00'),(1232,'2019-06-25 00:00:00'),(1230,'2019-06-25 00:00:00'),(1228,'2019-06-24 00:00:00'),(1226,'2019-06-25 00:00:00'),(1129,'2019-06-25 00:00:00'),(1240,'2019-06-25 00:00:00'),(1242,'2019-07-21 00:00:00');

/*Table structure for table `field_email` */

DROP TABLE IF EXISTS `field_email`;

CREATE TABLE `field_email` (
  `pages_id` int(10) unsigned NOT NULL,
  `data` varchar(250) NOT NULL DEFAULT '',
  PRIMARY KEY (`pages_id`),
  KEY `data_exact` (`data`),
  FULLTEXT KEY `data` (`data`)
) ENGINE=MyISAM DEFAULT CHARSET=utf8;

/*Data for the table `field_email` */

insert  into `field_email`(`pages_id`,`data`) values (41,'dmytro.kiselov@outlook.com');

/*Table structure for table `field_expertise_card_image` */

DROP TABLE IF EXISTS `field_expertise_card_image`;

CREATE TABLE `field_expertise_card_image` (
  `pages_id` int(10) unsigned NOT NULL,
  `data` varchar(250) NOT NULL,
  `sort` int(10) unsigned NOT NULL,
  `description` text NOT NULL,
  `modified` datetime DEFAULT NULL,
  `created` datetime DEFAULT NULL,
  `filedata` mediumtext,
  PRIMARY KEY (`pages_id`,`sort`),
  KEY `data` (`data`),
  KEY `modified` (`modified`),
  KEY `created` (`created`),
  FULLTEXT KEY `description` (`description`),
  FULLTEXT KEY `filedata` (`filedata`)
) ENGINE=MyISAM DEFAULT CHARSET=utf8;

/*Data for the table `field_expertise_card_image` */

insert  into `field_expertise_card_image`(`pages_id`,`data`,`sort`,`description`,`modified`,`created`,`filedata`) values (1078,'big-data-business-intelligence.jpg',0,'[\"\"]','2019-06-12 17:25:40','2019-06-12 17:25:40',''),(1079,'iot-and-cloud.jpg',0,'[\"\"]','2019-06-12 17:26:17','2019-06-12 17:26:17',''),(1080,'cyber-and-it-security.jpg',0,'[\"\"]','2019-06-12 17:27:08','2019-06-12 17:27:08',''),(1081,'erp-and-sap.jpg',0,'[\"\"]','2019-06-12 17:27:08','2019-06-12 17:27:08','');

/*Table structure for table `field_expertise_card_link` */

DROP TABLE IF EXISTS `field_expertise_card_link`;

CREATE TABLE `field_expertise_card_link` (
  `pages_id` int(10) unsigned NOT NULL,
  `data` text NOT NULL,
  PRIMARY KEY (`pages_id`),
  KEY `data_exact` (`data`(250)),
  FULLTEXT KEY `data` (`data`)
) ENGINE=MyISAM DEFAULT CHARSET=utf8;

/*Data for the table `field_expertise_card_link` */

/*Table structure for table `field_expertise_card_title` */

DROP TABLE IF EXISTS `field_expertise_card_title`;

CREATE TABLE `field_expertise_card_title` (
  `pages_id` int(10) unsigned NOT NULL,
  `data` text NOT NULL,
  `data1225` text,
  PRIMARY KEY (`pages_id`),
  KEY `data_exact` (`data`(250)),
  KEY `data_exact1225` (`data1225`(250)),
  FULLTEXT KEY `data` (`data`),
  FULLTEXT KEY `data1225` (`data1225`)
) ENGINE=MyISAM DEFAULT CHARSET=utf8;

/*Data for the table `field_expertise_card_title` */

/*Table structure for table `field_expertise_cards` */

DROP TABLE IF EXISTS `field_expertise_cards`;

CREATE TABLE `field_expertise_cards` (
  `pages_id` int(10) unsigned NOT NULL,
  `data` text NOT NULL,
  `count` int(11) NOT NULL,
  `parent_id` int(11) NOT NULL,
  PRIMARY KEY (`pages_id`),
  KEY `data_exact` (`data`(1)),
  KEY `count` (`count`,`pages_id`),
  KEY `parent_id` (`parent_id`,`pages_id`),
  FULLTEXT KEY `data` (`data`)
) ENGINE=MyISAM DEFAULT CHARSET=utf8;

/*Data for the table `field_expertise_cards` */

insert  into `field_expertise_cards`(`pages_id`,`data`,`count`,`parent_id`) values (1,'1078,1079,1080,1081',4,1077);

/*Table structure for table `field_expertise_description` */

DROP TABLE IF EXISTS `field_expertise_description`;

CREATE TABLE `field_expertise_description` (
  `pages_id` int(10) unsigned NOT NULL,
  `data` mediumtext NOT NULL,
  `data1225` mediumtext,
  PRIMARY KEY (`pages_id`),
  KEY `data_exact` (`data`(250)),
  FULLTEXT KEY `data` (`data`),
  FULLTEXT KEY `data1225` (`data1225`)
) ENGINE=MyISAM DEFAULT CHARSET=utf8;

/*Data for the table `field_expertise_description` */

insert  into `field_expertise_description`(`pages_id`,`data`,`data1225`) values (1181,'<h2>Ob Enterprise, Solution oder Software Architektwir finden Sie alle</h2>\n\n<p>Die zentrale Herausforderung und Aufgabe im IT-Management besteht darin, eine strategische Planung der IT-Architekturen fr das Unternehmen vorzunehmen. Dies schliet sowohl die Modernisierung aktuell installierter IT-Systeme als auch die Verwaltung der komplexen IT-Infrastruktur mit ein. Ziel ist letztlich die Bereitstellung einer anpassungsfhigen IT-Infrastruktur, die einen fortlaufenden und zuverlssigen IT-Betrieb gewhrleistet. Fr die Bewltigung dieser herausfordernden Aufgaben werden hochqualifizierte IT-Fachkrfte bentigt, welche es verstehen, die vorhandene Infrastruktur mittels intelligenter und dynamischer Verwaltung optimal zu nutzen. Durch einen Software gesttzten Auswahlprozess mit einem zweistufigen Interview-Verfahren garantiert Ihnen PALTRON, als fhrende IT-Personalberatung, exzellente Qualitt. Profitieren Sie von unserem Netzwerk aus ber 450.000 Digital- und Experten und lernen Sie passende Kandidaten i.d.R. nach nur 30 Tagen kennen.</p>',''),(1209,'<h2>Mit uns finden Sie die besten IT-Architekten</h2>\n\n<p>Die IT-Architektur ist das Fundament einer jeden Digitalisierungsstrategie. Eine Studie der International Data Group ergab, dass neben Cyber-Security-Spezialisten, Cloud-Architekten und Data Scientisten, IT-Architekten zu den am strksten nachgefragten IT-Positionen bis 2020 zhlen. Insbesondere das Design und die Konzeptionierung von innovativen Systemlsungen und Softwarearchitekturen fallen in den Aufgabenbereich eines IT-Architekten. Dabei ist besonders der Analyseprozess entscheidend, um ein gewinnbringendes Ergebnis zu erzielen.</p>\n\n<p>Um Sie bei der Suche nach IT-Architekten effizient zu untersttzen, nutzen wir bei PALTRON, als fhrende IT Personalberatung, einen datengetriebenen KPI-basierten Executive Search Prozess. Ebenso garantieren wir durch unternehmensspezifische Markt- und Machbarkeitsanalysen die Vorstellung von Kandidaten innerhalb der ersten 30 Tage.</p>',NULL);

/*Table structure for table `field_faq_description` */

DROP TABLE IF EXISTS `field_faq_description`;

CREATE TABLE `field_faq_description` (
  `pages_id` int(10) unsigned NOT NULL,
  `data` mediumtext NOT NULL,
  `data1225` mediumtext,
  PRIMARY KEY (`pages_id`),
  KEY `data_exact` (`data`(250)),
  FULLTEXT KEY `data` (`data`),
  FULLTEXT KEY `data1225` (`data1225`)
) ENGINE=MyISAM DEFAULT CHARSET=utf8;

/*Data for the table `field_faq_description` */

insert  into `field_faq_description`(`pages_id`,`data`,`data1225`) values (1,'<p>Lorem ipsum dolor sit amet, consectetur adipisicing elit. Modi dolores ea numquam, saepe molestias repudiandae voluptates iure commodi ut sapiente. Deserunt impedit illum quos voluptate adipisci est ad eaque, molestias.</p>',NULL);

/*Table structure for table `field_faq_title` */

DROP TABLE IF EXISTS `field_faq_title`;

CREATE TABLE `field_faq_title` (
  `pages_id` int(10) unsigned NOT NULL,
  `data` text NOT NULL,
  `data1225` text,
  PRIMARY KEY (`pages_id`),
  KEY `data_exact` (`data`(250)),
  KEY `data_exact1225` (`data1225`(250)),
  FULLTEXT KEY `data` (`data`),
  FULLTEXT KEY `data1225` (`data1225`)
) ENGINE=MyISAM DEFAULT CHARSET=utf8;

/*Data for the table `field_faq_title` */

insert  into `field_faq_title`(`pages_id`,`data`,`data1225`) values (1,'Diese Probleme lsen wir fr Sie',NULL);

/*Table structure for table `field_find_job_description` */

DROP TABLE IF EXISTS `field_find_job_description`;

CREATE TABLE `field_find_job_description` (
  `pages_id` int(10) unsigned NOT NULL,
  `data` mediumtext NOT NULL,
  `data1225` mediumtext,
  PRIMARY KEY (`pages_id`),
  KEY `data_exact` (`data`(250)),
  FULLTEXT KEY `data` (`data`),
  FULLTEXT KEY `data1225` (`data1225`)
) ENGINE=MyISAM DEFAULT CHARSET=utf8;

/*Data for the table `field_find_job_description` */

insert  into `field_find_job_description`(`pages_id`,`data`,`data1225`) values (1,'<p>Wollen auch Sie fr Top-Unternehmen ttig werden? Dann treten Sie jetzt unserem Unternehmensnetzwerk bei und wir kontaktieren Sie bei passenden Angeboten oder Sie bewerben sich direkt auf die offenen Stellenangebote.</p>',NULL);

/*Table structure for table `field_find_job_image` */

DROP TABLE IF EXISTS `field_find_job_image`;

CREATE TABLE `field_find_job_image` (
  `pages_id` int(10) unsigned NOT NULL,
  `data` varchar(250) NOT NULL,
  `sort` int(10) unsigned NOT NULL,
  `description` text NOT NULL,
  `modified` datetime DEFAULT NULL,
  `created` datetime DEFAULT NULL,
  `filedata` mediumtext,
  PRIMARY KEY (`pages_id`,`sort`),
  KEY `data` (`data`),
  KEY `modified` (`modified`),
  KEY `created` (`created`),
  FULLTEXT KEY `description` (`description`),
  FULLTEXT KEY `filedata` (`filedata`)
) ENGINE=MyISAM DEFAULT CHARSET=utf8;

/*Data for the table `field_find_job_image` */

insert  into `field_find_job_image`(`pages_id`,`data`,`sort`,`description`,`modified`,`created`,`filedata`) values (1,'business-discussion-1.jpg',0,'[\"\"]','2019-06-12 17:02:05','2019-06-12 17:02:05','');

/*Table structure for table `field_find_job_title` */

DROP TABLE IF EXISTS `field_find_job_title`;

CREATE TABLE `field_find_job_title` (
  `pages_id` int(10) unsigned NOT NULL,
  `data` text NOT NULL,
  `data1225` text,
  PRIMARY KEY (`pages_id`),
  KEY `data_exact` (`data`(250)),
  KEY `data_exact1225` (`data1225`(250)),
  FULLTEXT KEY `data` (`data`),
  FULLTEXT KEY `data1225` (`data1225`)
) ENGINE=MyISAM DEFAULT CHARSET=utf8;

/*Data for the table `field_find_job_title` */

insert  into `field_find_job_title`(`pages_id`,`data`,`data1225`) values (1,'Job finden | Gefunden werden',NULL);

/*Table structure for table `field_header_block` */

DROP TABLE IF EXISTS `field_header_block`;

CREATE TABLE `field_header_block` (
  `pages_id` int(10) unsigned NOT NULL,
  `data` text NOT NULL,
  `count` int(11) NOT NULL,
  `parent_id` int(11) NOT NULL,
  PRIMARY KEY (`pages_id`),
  KEY `data_exact` (`data`(1)),
  KEY `count` (`count`,`pages_id`),
  KEY `parent_id` (`parent_id`,`pages_id`),
  FULLTEXT KEY `data` (`data`)
) ENGINE=MyISAM DEFAULT CHARSET=utf8;

/*Data for the table `field_header_block` */

/*Table structure for table `field_header_description` */

DROP TABLE IF EXISTS `field_header_description`;

CREATE TABLE `field_header_description` (
  `pages_id` int(10) unsigned NOT NULL,
  `data` mediumtext NOT NULL,
  `data1225` mediumtext,
  PRIMARY KEY (`pages_id`),
  KEY `data_exact` (`data`(250)),
  FULLTEXT KEY `data` (`data`),
  FULLTEXT KEY `data1225` (`data1225`)
) ENGINE=MyISAM DEFAULT CHARSET=utf8;

/*Data for the table `field_header_description` */

insert  into `field_header_description`(`pages_id`,`data`,`data1225`) values (1,'<p>Unsere Expertise und Leidenschaft fr Zukunftstechnologien, kombiniert mit einem Netzwerk aus ber 300.000 IT-Talenten und unserer algorithmisierten Multi-Channel-Suche, verhilft Ihnen in krzester Zeit zu den richtigen Mitarbeitern.</p>',NULL),(1101,'<p>Der Verantwortliche im Sinne der Datenschutz-Grundverordnung und anderer nationaler Datenschutzgesetze der Mitgliedsstaaten sowie sonstiger datenschutzrechtlicher Bestimmungen ist die:</p>\n\n<p></p>\n\n<p>PALTRON GmbH</p>\n\n<p>Geschftsfhrer: Josef Gnthner, Daniel Wernicke, Christian Scholle</p>\n\n<p>Am Sandtorkai 4820457 Hamburg, Germany</p>\n\n<p>Email: contact@paltron.com</p>\n\n<p>Telefon: +49 (0) 40 180 241 180</p>\n\n<p></p>\n\n<p>Wir haben einen Datenschutzbeauftragten bestellt:</p>\n\n<p></p>\n\n<p>Dr. Christian Rauda</p>\n\n<p>Fachanwalt fr Urheber- und Medienrecht</p>\n\n<p>Fachanwalt fr Informationstechnologierecht</p>\n\n<p>Fachanwalt fr gewerblichen Rechtsschutz</p>\n\n<p></p>\n\n<p>GRAEF Rechtsanwlte Digital PartG mbB</p>\n\n<p>Jungfrauenthal 8</p>\n\n<p>20149 Hamburg</p>\n\n<p>Tel. +49.40.80 6000 9-0</p>\n\n<p>Fax +49.40.80 6000 9-10</p>\n\n<p>E-Mail data.security.officer@paltron.com</p>\n\n<p>Website www.graef.eu</p>',NULL),(1095,'<p><strong>Jetzt registrieren</strong> <ins>AND ZUGANG ZU</ins></p>\n\n<p><strong>Fiihrungspositionen in der</strong> <ins>DIGITALEN</ins></p>\n\n<p><ins>WIRTSCHAFT BEKOMMEN</ins>.</p>',''),(1130,'<p><strong>Wir schaffen die Personalberatung der Zukunft</strong></p>',NULL),(1128,'<p>Hier finden Sie aktuelle Nachrichten und Entwicklungsupdates vom PALTRON-Team. Verwenden Sie die Registerkarten, um nach ihrer gewnschten Kategorie zu filtern, oder geben Sie ein Schlsselwort in das Suchfeld ein.</p>',NULL),(1129,'<p>Cyberangriffe auf deutsche</p>\n\n<p>Unternehmen nehmen zu</p>',''),(1181,'<p>Sie suchen qualifizierte IT-Architekten?</p>\n\n<p>Profitieren Sie von unserer Recruiting Expertise</p>',''),(1209,'<p>Sie suchen qualifizierte IT-Architekten?</p>\n\n<p>Profitieren Sie von unserer Recruiting Expertise</p>',NULL),(1226,'',''),(1228,'',''),(1230,'',''),(1232,'',''),(1234,'',''),(1236,'',''),(1238,'',''),(1240,'',''),(1242,'','');

/*Table structure for table `field_header_image` */

DROP TABLE IF EXISTS `field_header_image`;

CREATE TABLE `field_header_image` (
  `pages_id` int(10) unsigned NOT NULL,
  `data` varchar(250) NOT NULL,
  `sort` int(10) unsigned NOT NULL,
  `description` text NOT NULL,
  `modified` datetime DEFAULT NULL,
  `created` datetime DEFAULT NULL,
  `filedata` mediumtext,
  PRIMARY KEY (`pages_id`,`sort`),
  KEY `data` (`data`),
  KEY `modified` (`modified`),
  KEY `created` (`created`),
  FULLTEXT KEY `description` (`description`),
  FULLTEXT KEY `filedata` (`filedata`)
) ENGINE=MyISAM DEFAULT CHARSET=utf8;

/*Data for the table `field_header_image` */

insert  into `field_header_image`(`pages_id`,`data`,`sort`,`description`,`modified`,`created`,`filedata`) values (1,'home-header.jpg',0,'','2019-06-24 00:23:56','2019-06-24 00:23:56',''),(1095,'job-overview.jpg',0,'','2019-06-17 11:08:47','2019-06-17 11:08:47',''),(1124,'job-overview.jpg',0,'','2019-06-18 03:54:01','2019-06-18 03:54:01',''),(1130,'about_us_page_header_banner.jpg',0,'','2019-06-21 15:33:55','2019-06-21 15:33:55',''),(1128,'news_feed_overview_header.jpg',0,'','2019-06-21 23:10:36','2019-06-21 23:10:36',''),(1129,'news_page_banner.jpg',0,'','2019-06-22 10:57:03','2019-06-22 10:57:03',''),(1174,'job-find-page-banner.jpg',0,'','2019-06-22 12:44:05','2019-06-22 12:44:05',''),(1175,'apply-job-page-banner.jpg',0,'','2019-06-23 03:27:56','2019-06-23 03:27:56',''),(1181,'job-overview.jpg',0,'','2019-06-23 05:59:02','2019-06-23 05:59:02',''),(1209,'job-overview.jpg',0,'','2019-06-24 05:02:36','2019-06-24 05:02:36','');

/*Table structure for table `field_header_title` */

DROP TABLE IF EXISTS `field_header_title`;

CREATE TABLE `field_header_title` (
  `pages_id` int(10) unsigned NOT NULL,
  `data` text NOT NULL,
  `data1225` text,
  PRIMARY KEY (`pages_id`),
  KEY `data_exact` (`data`(250)),
  KEY `data_exact1225` (`data1225`(250)),
  FULLTEXT KEY `data` (`data`),
  FULLTEXT KEY `data1225` (`data1225`)
) ENGINE=MyISAM DEFAULT CHARSET=utf8;

/*Data for the table `field_header_title` */

insert  into `field_header_title`(`pages_id`,`data`,`data1225`) values (1,'Genau die IT-Fhrungskrfte und Experten finden, die Sie suchen.',NULL),(1101,'Datenschutzerklarung',NULL),(1105,'Impressum',NULL),(1130,'UNSERE VISION?','OUR VISION?'),(1128,'Was gibt es neues?',NULL),(1129,'Die Gefahr lauert im Netz',NULL),(1174,'Finden Sie Ihren Traumjob',NULL),(1175,'Personalberatung fr die digitale Wirtschaft',NULL),(1226,'',''),(1228,'',''),(1230,'',''),(1232,'',''),(1234,'',''),(1236,'',''),(1238,'',''),(1240,'',''),(1242,'','');

/*Table structure for table `field_headline` */

DROP TABLE IF EXISTS `field_headline`;

CREATE TABLE `field_headline` (
  `pages_id` int(10) unsigned NOT NULL,
  `data` text NOT NULL,
  `data1225` text,
  PRIMARY KEY (`pages_id`),
  KEY `data_exact` (`data`(250)),
  KEY `data_exact1225` (`data1225`(250)),
  FULLTEXT KEY `data` (`data`),
  FULLTEXT KEY `data1225` (`data1225`)
) ENGINE=MyISAM DEFAULT CHARSET=utf8;

/*Data for the table `field_headline` */

insert  into `field_headline`(`pages_id`,`data`,`data1225`) values (1,'PALTRON',NULL),(1001,'About Us',NULL),(1003,'Developing Site Templates',NULL);

/*Table structure for table `field_image` */

DROP TABLE IF EXISTS `field_image`;

CREATE TABLE `field_image` (
  `pages_id` int(10) unsigned NOT NULL,
  `data` varchar(250) NOT NULL,
  `sort` int(10) unsigned NOT NULL,
  `description` text NOT NULL,
  `modified` datetime DEFAULT NULL,
  `created` datetime DEFAULT NULL,
  `filedata` mediumtext,
  PRIMARY KEY (`pages_id`,`sort`),
  KEY `data` (`data`),
  KEY `modified` (`modified`),
  KEY `created` (`created`),
  FULLTEXT KEY `description` (`description`),
  FULLTEXT KEY `filedata` (`filedata`)
) ENGINE=MyISAM DEFAULT CHARSET=utf8;

/*Data for the table `field_image` */

insert  into `field_image`(`pages_id`,`data`,`sort`,`description`,`modified`,`created`,`filedata`) values (1245,'paltron-news-1.jpg',0,'[\"\"]','2019-06-25 19:20:54','2019-06-25 19:20:54',''),(1246,'cloud-technologien-1.jpg',0,'[\"\"]','2019-06-25 19:20:54','2019-06-25 19:20:54',''),(1247,'internet-of-things-1.jpg',0,'[\"\"]','2019-06-25 19:20:54','2019-06-25 19:20:54',''),(1248,'it-consulting-1.jpg',0,'[\"\"]','2019-06-25 19:20:54','2019-06-25 19:20:54',''),(1249,'machine-learing-1.jpg',0,'[\"\"]','2019-06-25 19:20:54','2019-06-25 19:20:54',''),(1250,'allgemein-1.jpg',0,'[\"\"]','2019-06-25 19:20:54','2019-06-25 19:20:54',''),(1251,'it-architektur-infrastruktur-1.jpg',0,'[\"\"]','2019-06-25 19:20:54','2019-06-25 19:20:54',''),(1252,'big-data-data-science-1.jpg',0,'[\"\"]','2019-06-25 19:20:54','2019-06-25 19:20:54',''),(1253,'blockchain-1.jpg',0,'[\"\"]','2019-06-25 19:20:54','2019-06-25 19:20:54',''),(1254,'cyber-security-1.jpg',0,'[\"\"]','2019-06-25 19:20:54','2019-06-25 19:20:54',''),(1138,'location-1.png',0,'[\"\"]','2019-06-25 19:24:54','2019-06-25 19:24:54',''),(1139,'people-1.png',0,'[\"\"]','2019-06-25 19:24:54','2019-06-25 19:24:54',''),(1140,'connection-1.png',0,'[\"\"]','2019-06-25 19:24:54','2019-06-25 19:24:54',''),(1141,'timing-1.png',0,'[\"\"]','2019-06-25 19:24:54','2019-06-25 19:24:54','');

/*Table structure for table `field_images` */

DROP TABLE IF EXISTS `field_images`;

CREATE TABLE `field_images` (
  `pages_id` int(10) unsigned NOT NULL,
  `data` varchar(250) NOT NULL,
  `sort` int(10) unsigned NOT NULL,
  `description` text NOT NULL,
  `modified` datetime DEFAULT NULL,
  `created` datetime DEFAULT NULL,
  `filedata` mediumtext,
  PRIMARY KEY (`pages_id`,`sort`),
  KEY `data` (`data`),
  KEY `modified` (`modified`),
  KEY `created` (`created`),
  FULLTEXT KEY `description` (`description`),
  FULLTEXT KEY `filedata` (`filedata`)
) ENGINE=MyISAM DEFAULT CHARSET=utf8;

/*Data for the table `field_images` */

insert  into `field_images`(`pages_id`,`data`,`sort`,`description`,`modified`,`created`,`filedata`) values (1144,'news1.jpg',0,'','2019-06-21 19:55:40','2019-06-21 19:55:40',''),(1145,'news2.jpg',0,'','2019-06-21 19:55:40','2019-06-21 19:55:40',''),(1146,'news3.jpg',0,'','2019-06-21 19:55:40','2019-06-21 19:55:40',''),(1170,'news1.jpg',0,'','2019-06-22 12:01:20','2019-06-22 12:01:20',''),(1171,'news2.jpg',0,'','2019-06-22 12:01:20','2019-06-22 12:01:20',''),(1172,'news3.jpg',0,'','2019-06-22 12:01:20','2019-06-22 12:01:20',''),(1173,'news3.jpg',0,'','2019-06-22 12:01:20','2019-06-22 12:01:20','');

/*Table structure for table `field_job_benefit` */

DROP TABLE IF EXISTS `field_job_benefit`;

CREATE TABLE `field_job_benefit` (
  `pages_id` int(10) unsigned NOT NULL,
  `data` mediumtext NOT NULL,
  `data1225` mediumtext,
  PRIMARY KEY (`pages_id`),
  KEY `data_exact` (`data`(250)),
  FULLTEXT KEY `data` (`data`),
  FULLTEXT KEY `data1225` (`data1225`)
) ENGINE=MyISAM DEFAULT CHARSET=utf8;

/*Data for the table `field_job_benefit` */

insert  into `field_job_benefit`(`pages_id`,`data`,`data1225`) values (1124,'<ul>\n	<li>Flexible Arbeitszeiten und die Moglithkeit Home Office oder Remote Work zu arbeiten</li>\n	<li>Team-Events</li>\n	<li>Du dart Berne deinen Hund mitbringen</li>\n	<li>Kostenlos Yoga &amp; Fitnesstraining</li>\n	<li>Interne &amp; externe Weiterbildungen</li>\n	<li>Massage im Haus</li>\n	<li>Modern Biros mit top Aussicht</li>\n</ul>',NULL);

/*Table structure for table `field_job_classify_content` */

DROP TABLE IF EXISTS `field_job_classify_content`;

CREATE TABLE `field_job_classify_content` (
  `pages_id` int(10) unsigned NOT NULL,
  `data` mediumtext NOT NULL,
  `data1225` mediumtext,
  PRIMARY KEY (`pages_id`),
  KEY `data_exact` (`data`(250)),
  FULLTEXT KEY `data` (`data`),
  FULLTEXT KEY `data1225` (`data1225`)
) ENGINE=MyISAM DEFAULT CHARSET=utf8;

/*Data for the table `field_job_classify_content` */

insert  into `field_job_classify_content`(`pages_id`,`data`,`data1225`) values (1091,'<p>Standortanalysen<br />\nGehaltsstudien</p>',NULL),(1092,'<p>Plug-and-Play HR<br />\nOKRs<br />\nOnboarding-Prozess<br />\nAufbau von Digital Units</p>',NULL),(1093,'<p>Profilanalysen<br />\nExecutive Search<br />\nRecruiting Support</p>',NULL),(1094,'<p>HR Training<br />\nDigitalisierungs- &amp; IT-Training</p>',NULL),(1177,'<p>Exklusiver Zugang zu zahlreichen Fhrungs- und Expertenpositionen in derdigitalen Wirtschaft</p>',NULL),(1178,'<p>Der \'Perfect-Fit\' von personalisierten Jobangeboten zugeschnitten auf deinProfil</p>',NULL),(1179,'<p>Stellenangebote ab einem Jahresgehalt von 70.000  bis 300.000 </p>',NULL),(1180,'<p>100% vertraulich und gem EU-Datenschutz-Grundverordnung</p>',NULL);

/*Table structure for table `field_job_classify_image` */

DROP TABLE IF EXISTS `field_job_classify_image`;

CREATE TABLE `field_job_classify_image` (
  `pages_id` int(10) unsigned NOT NULL,
  `data` varchar(250) NOT NULL,
  `sort` int(10) unsigned NOT NULL,
  `description` text NOT NULL,
  `modified` datetime DEFAULT NULL,
  `created` datetime DEFAULT NULL,
  `filedata` mediumtext,
  PRIMARY KEY (`pages_id`,`sort`),
  KEY `data` (`data`),
  KEY `modified` (`modified`),
  KEY `created` (`created`),
  FULLTEXT KEY `description` (`description`),
  FULLTEXT KEY `filedata` (`filedata`)
) ENGINE=MyISAM DEFAULT CHARSET=utf8;

/*Data for the table `field_job_classify_image` */

insert  into `field_job_classify_image`(`pages_id`,`data`,`sort`,`description`,`modified`,`created`,`filedata`) values (1178,'job-classify-w2.png',0,'','2019-06-23 03:39:25','2019-06-23 03:39:25',''),(1177,'job-classify-w1.png',0,'','2019-06-23 03:39:25','2019-06-23 03:39:25',''),(1094,'training.jpg',0,'','2019-06-19 18:14:37','2019-06-19 18:14:37',''),(1093,'recruiting.jpg',0,'','2019-06-19 18:14:37','2019-06-19 18:14:37',''),(1092,'consulting.jpg',0,'','2019-06-19 18:14:37','2019-06-19 18:14:37',''),(1091,'market_intelligence.jpg',0,'','2019-06-19 18:14:37','2019-06-19 18:14:37',''),(1179,'job-classify-w3.png',0,'','2019-06-23 03:39:25','2019-06-23 03:39:25',''),(1180,'job-classify-w4.png',0,'','2019-06-23 03:39:25','2019-06-23 03:39:25','');

/*Table structure for table `field_job_classify_item` */

DROP TABLE IF EXISTS `field_job_classify_item`;

CREATE TABLE `field_job_classify_item` (
  `pages_id` int(10) unsigned NOT NULL,
  `data` text NOT NULL,
  `count` int(11) NOT NULL,
  `parent_id` int(11) NOT NULL,
  PRIMARY KEY (`pages_id`),
  KEY `data_exact` (`data`(1)),
  KEY `count` (`count`,`pages_id`),
  KEY `parent_id` (`parent_id`,`pages_id`),
  FULLTEXT KEY `data` (`data`)
) ENGINE=MyISAM DEFAULT CHARSET=utf8;

/*Data for the table `field_job_classify_item` */

insert  into `field_job_classify_item`(`pages_id`,`data`,`count`,`parent_id`) values (1,'1091,1092,1093,1094',4,1090),(1175,'1177,1178,1179,1180',4,1176);

/*Table structure for table `field_job_classify_title` */

DROP TABLE IF EXISTS `field_job_classify_title`;

CREATE TABLE `field_job_classify_title` (
  `pages_id` int(10) unsigned NOT NULL,
  `data` text NOT NULL,
  `data1225` text,
  PRIMARY KEY (`pages_id`),
  KEY `data_exact` (`data`(250)),
  KEY `data_exact1225` (`data1225`(250)),
  FULLTEXT KEY `data` (`data`),
  FULLTEXT KEY `data1225` (`data1225`)
) ENGINE=MyISAM DEFAULT CHARSET=utf8;

/*Data for the table `field_job_classify_title` */

insert  into `field_job_classify_title`(`pages_id`,`data`,`data1225`) values (1091,'Market Intelligence',NULL),(1092,'Consulting',NULL),(1093,'Recruiting',NULL),(1094,'Training',NULL);

/*Table structure for table `field_job_consectetur` */

DROP TABLE IF EXISTS `field_job_consectetur`;

CREATE TABLE `field_job_consectetur` (
  `pages_id` int(10) unsigned NOT NULL,
  `data` text NOT NULL,
  `data1225` text,
  PRIMARY KEY (`pages_id`),
  KEY `data_exact` (`data`(250)),
  KEY `data_exact1225` (`data1225`(250)),
  FULLTEXT KEY `data` (`data`),
  FULLTEXT KEY `data1225` (`data1225`)
) ENGINE=MyISAM DEFAULT CHARSET=utf8;

/*Data for the table `field_job_consectetur` */

insert  into `field_job_consectetur`(`pages_id`,`data`,`data1225`) values (1124,'Adipiscing',NULL);

/*Table structure for table `field_job_eiusmod` */

DROP TABLE IF EXISTS `field_job_eiusmod`;

CREATE TABLE `field_job_eiusmod` (
  `pages_id` int(10) unsigned NOT NULL,
  `data` text NOT NULL,
  `data1225` text,
  PRIMARY KEY (`pages_id`),
  KEY `data_exact` (`data`(250)),
  KEY `data_exact1225` (`data1225`(250)),
  FULLTEXT KEY `data` (`data`),
  FULLTEXT KEY `data1225` (`data1225`)
) ENGINE=MyISAM DEFAULT CHARSET=utf8;

/*Data for the table `field_job_eiusmod` */

insert  into `field_job_eiusmod`(`pages_id`,`data`,`data1225`) values (1124,'Labore',NULL);

/*Table structure for table `field_job_note` */

DROP TABLE IF EXISTS `field_job_note`;

CREATE TABLE `field_job_note` (
  `pages_id` int(10) unsigned NOT NULL,
  `data` text NOT NULL,
  `count` int(11) NOT NULL,
  `parent_id` int(11) NOT NULL,
  PRIMARY KEY (`pages_id`),
  KEY `data_exact` (`data`(1)),
  KEY `count` (`count`,`pages_id`),
  KEY `parent_id` (`parent_id`,`pages_id`),
  FULLTEXT KEY `data` (`data`)
) ENGINE=MyISAM DEFAULT CHARSET=utf8;

/*Data for the table `field_job_note` */

insert  into `field_job_note`(`pages_id`,`data`,`count`,`parent_id`) values (1095,'1122,1123',2,1098),(1125,'',0,1127);

/*Table structure for table `field_job_note_description` */

DROP TABLE IF EXISTS `field_job_note_description`;

CREATE TABLE `field_job_note_description` (
  `pages_id` int(10) unsigned NOT NULL,
  `data` text NOT NULL,
  `data1225` text,
  PRIMARY KEY (`pages_id`),
  KEY `data_exact` (`data`(250)),
  KEY `data_exact1225` (`data1225`(250)),
  FULLTEXT KEY `data` (`data`),
  FULLTEXT KEY `data1225` (`data1225`)
) ENGINE=MyISAM DEFAULT CHARSET=utf8;

/*Data for the table `field_job_note_description` */

insert  into `field_job_note_description`(`pages_id`,`data`,`data1225`) values (1122,'In unserem Stellenportal findet Ihr taglich aktualisierte Jobangebote. Jetzt den Traumjob finden!',NULL),(1123,'Keine passende Stele gefunden? Dann registriere Dich jetzt mit einem Bewerberprofil initiativ in unserer Datenbank.',NULL);

/*Table structure for table `field_job_note_title` */

DROP TABLE IF EXISTS `field_job_note_title`;

CREATE TABLE `field_job_note_title` (
  `pages_id` int(10) unsigned NOT NULL,
  `data` text NOT NULL,
  `data1225` text,
  PRIMARY KEY (`pages_id`),
  KEY `data_exact` (`data`(250)),
  KEY `data_exact1225` (`data1225`(250)),
  FULLTEXT KEY `data` (`data`),
  FULLTEXT KEY `data1225` (`data1225`)
) ENGINE=MyISAM DEFAULT CHARSET=utf8;

/*Data for the table `field_job_note_title` */

insert  into `field_job_note_title`(`pages_id`,`data`,`data1225`) values (1122,'Zu unserem Jobportal',NULL),(1123,'Initlativbewerbung absende',NULL);

/*Table structure for table `field_job_obligation` */

DROP TABLE IF EXISTS `field_job_obligation`;

CREATE TABLE `field_job_obligation` (
  `pages_id` int(10) unsigned NOT NULL,
  `data` mediumtext NOT NULL,
  `data1225` mediumtext,
  PRIMARY KEY (`pages_id`),
  KEY `data_exact` (`data`(250)),
  FULLTEXT KEY `data` (`data`),
  FULLTEXT KEY `data1225` (`data1225`)
) ENGINE=MyISAM DEFAULT CHARSET=utf8;

/*Data for the table `field_job_obligation` */

insert  into `field_job_obligation`(`pages_id`,`data`,`data1225`) values (1124,'<ul>\n	<li>E ntwieklung und Unisetzung der lift.Strategie gerneinsam mit dem Leadership-Team</li>\n	<li>Aktive Untersnitzung in der Weiterentwicktung der Organisation und Promsse</li>\n	<li>Beaten, Untershitzen Lind Ceachen der Fuhrungskrafte</li>\n	<li>Internee Ansprechpartner fur Anliegen von Tearn.Mitgliedeln</li>\n	<li>Einfibrung und nxhhaltige Urnsetzung von Konzepten zur erfolgreichen Vititermtwicklung der Mitarbeiter</li>\n	<li>Rekrutierung and Bewerberrnanagernent in Zusarnmenarbeit mit den entspreehenden Teams / Fathabteitungen</li>\n	<li>Professionalisiening und Etablierting von personalwiruchaftlichen sowie arbeitsrechtEchen Prozessen</li>\n</ul>',NULL);

/*Table structure for table `field_job_profit` */

DROP TABLE IF EXISTS `field_job_profit`;

CREATE TABLE `field_job_profit` (
  `pages_id` int(10) unsigned NOT NULL,
  `data` mediumtext NOT NULL,
  `data1225` mediumtext,
  PRIMARY KEY (`pages_id`),
  KEY `data_exact` (`data`(250)),
  FULLTEXT KEY `data` (`data`),
  FULLTEXT KEY `data1225` (`data1225`)
) ENGINE=MyISAM DEFAULT CHARSET=utf8;

/*Data for the table `field_job_profit` */

insert  into `field_job_profit`(`pages_id`,`data`,`data1225`) values (1124,'<ul>\n	<li>5.6 labre fUhningserfahrung im Dereich Human Resources in einem dynansischen Umfeld. vorzugswei. Startup in einer Technologic getriebenen Branclsc</li>\n	<li>Hands-on Personlichkrit mit holum Interesse an nsodernen FEihrungs. und Organisationskonzepten und Erfahrung in erfolgreicher Organisationsentwitklung</li>\n	<li>HOhere Ausbildung im 8creich 8ctriebswirtschaft. Attics- oder Organisationspsycholegic oder vengleichbare Ausbildung</li>\n	<li>Erfahrung in der Entwieklung und Implementierung von Personalentwicklungskonzepten</li>\n	<li>Gewinncrides Auftreten und 6berzeugende Kommunikation</li>\n	<li>Eine rnotivierte, engagiette und positive Personlichkeit</li>\n	<li>14erausragende Kommunikationsfahigkeit Offenheit, loyalitat und absolute Diskretion</li>\n	<li>Sehr gute Deutsch. und Englischkenntnisse.FranzOsischkenntnisse von Vorteil</li>\n</ul>',NULL);

/*Table structure for table `field_job_summary` */

DROP TABLE IF EXISTS `field_job_summary`;

CREATE TABLE `field_job_summary` (
  `pages_id` int(10) unsigned NOT NULL,
  `data` text NOT NULL,
  `data1225` text,
  PRIMARY KEY (`pages_id`),
  KEY `data_exact` (`data`(250)),
  KEY `data_exact1225` (`data1225`(250)),
  FULLTEXT KEY `data` (`data`),
  FULLTEXT KEY `data1225` (`data1225`)
) ENGINE=MyISAM DEFAULT CHARSET=utf8;

/*Data for the table `field_job_summary` */

insert  into `field_job_summary`(`pages_id`,`data`,`data1225`) values (1124,'Fur unseen Partner eine der erfolgreichsten Tech Companies dec Schweiz. suchen wir einen Heat, of People Operations (rnAv/d) in der NShe von Zurich. der die Weiterentwickking des Teamsvorantreibt',NULL);

/*Table structure for table `field_job_tempor` */

DROP TABLE IF EXISTS `field_job_tempor`;

CREATE TABLE `field_job_tempor` (
  `pages_id` int(10) unsigned NOT NULL,
  `data` text NOT NULL,
  `data1225` text,
  PRIMARY KEY (`pages_id`),
  KEY `data_exact` (`data`(250)),
  KEY `data_exact1225` (`data1225`(250)),
  FULLTEXT KEY `data` (`data`),
  FULLTEXT KEY `data1225` (`data1225`)
) ENGINE=MyISAM DEFAULT CHARSET=utf8;

/*Data for the table `field_job_tempor` */

insert  into `field_job_tempor`(`pages_id`,`data`,`data1225`) values (1124,'Incididunt',NULL);

/*Table structure for table `field_job_title` */

DROP TABLE IF EXISTS `field_job_title`;

CREATE TABLE `field_job_title` (
  `pages_id` int(10) unsigned NOT NULL,
  `data` text NOT NULL,
  `data1225` text,
  PRIMARY KEY (`pages_id`),
  KEY `data_exact` (`data`(250)),
  KEY `data_exact1225` (`data1225`(250)),
  FULLTEXT KEY `data` (`data`),
  FULLTEXT KEY `data1225` (`data1225`)
) ENGINE=MyISAM DEFAULT CHARSET=utf8;

/*Data for the table `field_job_title` */

/*Table structure for table `field_jobs` */

DROP TABLE IF EXISTS `field_jobs`;

CREATE TABLE `field_jobs` (
  `pages_id` int(10) unsigned NOT NULL,
  `data` text NOT NULL,
  `count` int(11) NOT NULL,
  `parent_id` int(11) NOT NULL,
  PRIMARY KEY (`pages_id`),
  KEY `data_exact` (`data`(1)),
  KEY `count` (`count`,`pages_id`),
  KEY `parent_id` (`parent_id`,`pages_id`),
  FULLTEXT KEY `data` (`data`)
) ENGINE=MyISAM DEFAULT CHARSET=utf8;

/*Data for the table `field_jobs` */

insert  into `field_jobs`(`pages_id`,`data`,`count`,`parent_id`) values (1206,'',0,1208),(1209,'1218,1219,1220',3,1211);

/*Table structure for table `field_language` */

DROP TABLE IF EXISTS `field_language`;

CREATE TABLE `field_language` (
  `pages_id` int(10) unsigned NOT NULL,
  `data` int(11) NOT NULL,
  `sort` int(10) unsigned NOT NULL,
  PRIMARY KEY (`pages_id`,`sort`),
  KEY `data` (`data`,`pages_id`,`sort`)
) ENGINE=MyISAM DEFAULT CHARSET=utf8;

/*Data for the table `field_language` */

insert  into `field_language`(`pages_id`,`data`,`sort`) values (40,1223,0),(41,1223,0);

/*Table structure for table `field_language_files` */

DROP TABLE IF EXISTS `field_language_files`;

CREATE TABLE `field_language_files` (
  `pages_id` int(10) unsigned NOT NULL,
  `data` varchar(250) NOT NULL,
  `sort` int(10) unsigned NOT NULL,
  `description` text NOT NULL,
  `modified` datetime DEFAULT NULL,
  `created` datetime DEFAULT NULL,
  `filedata` mediumtext,
  PRIMARY KEY (`pages_id`,`sort`),
  KEY `data` (`data`),
  KEY `modified` (`modified`),
  KEY `created` (`created`),
  FULLTEXT KEY `description` (`description`),
  FULLTEXT KEY `filedata` (`filedata`)
) ENGINE=MyISAM DEFAULT CHARSET=utf8;

/*Data for the table `field_language_files` */

/*Table structure for table `field_language_files_site` */

DROP TABLE IF EXISTS `field_language_files_site`;

CREATE TABLE `field_language_files_site` (
  `pages_id` int(10) unsigned NOT NULL,
  `data` varchar(250) NOT NULL,
  `sort` int(10) unsigned NOT NULL,
  `description` text NOT NULL,
  `modified` datetime DEFAULT NULL,
  `created` datetime DEFAULT NULL,
  `filedata` mediumtext,
  PRIMARY KEY (`pages_id`,`sort`),
  KEY `data` (`data`),
  KEY `modified` (`modified`),
  KEY `created` (`created`),
  FULLTEXT KEY `description` (`description`),
  FULLTEXT KEY `filedata` (`filedata`)
) ENGINE=MyISAM DEFAULT CHARSET=utf8;

/*Data for the table `field_language_files_site` */

insert  into `field_language_files_site`(`pages_id`,`data`,`sort`,`description`,`modified`,`created`,`filedata`) values (1225,'site--templates--includes--head-inc.json',10,'[\"\"]','2019-06-24 20:48:42','2019-06-24 20:48:42',''),(1225,'site--templates--includes--foot-inc.json',9,'[\"\"]','2019-06-24 20:48:42','2019-06-24 20:48:42',''),(1225,'site--templates--includes--contact-inc.json',8,'[\"\"]','2019-06-24 20:48:42','2019-06-24 20:48:42',''),(1225,'site--templates--news-php.json',7,'[\"\"]','2019-06-24 20:48:42','2019-06-24 20:48:42',''),(1225,'site--templates--news-feed-php.json',6,'[\"\"]','2019-06-24 20:48:42','2019-06-24 20:48:42',''),(1225,'site--templates--job-php.json',5,'[\"\"]','2019-06-24 20:48:42','2019-06-24 20:48:42',''),(1225,'site--templates--home-php.json',4,'[\"\"]','2019-06-24 20:48:42','2019-06-24 20:48:42',''),(1225,'site--templates--find_job-php.json',3,'[\"\"]','2019-06-24 20:48:42','2019-06-24 20:48:42',''),(1225,'site--templates--expertise-php.json',2,'[\"\"]','2019-06-24 20:48:42','2019-06-24 20:48:42',''),(1225,'site--templates--apply-job-php.json',1,'[\"\"]','2019-06-24 20:48:42','2019-06-24 20:48:42',''),(1225,'site--templates--aboutus-php.json',0,'[\"\"]','2019-06-24 20:48:42','2019-06-24 20:48:42',''),(1225,'site--templates--includes--related_news-inc.json',11,'[\"\"]','2019-06-24 20:48:42','2019-06-24 20:48:42','');

/*Table structure for table `field_learn_more_title` */

DROP TABLE IF EXISTS `field_learn_more_title`;

CREATE TABLE `field_learn_more_title` (
  `pages_id` int(10) unsigned NOT NULL,
  `data` text NOT NULL,
  `data1225` text,
  PRIMARY KEY (`pages_id`),
  KEY `data_exact` (`data`(250)),
  KEY `data_exact1225` (`data1225`(250)),
  FULLTEXT KEY `data` (`data`),
  FULLTEXT KEY `data1225` (`data1225`)
) ENGINE=MyISAM DEFAULT CHARSET=utf8;

/*Data for the table `field_learn_more_title` */

insert  into `field_learn_more_title`(`pages_id`,`data`,`data1225`) values (1181,'Erfahren Sie mehr ber Positionen im Bereich IT-Architektur',NULL);

/*Table structure for table `field_link_url` */

DROP TABLE IF EXISTS `field_link_url`;

CREATE TABLE `field_link_url` (
  `pages_id` int(10) unsigned NOT NULL,
  `data` text NOT NULL,
  PRIMARY KEY (`pages_id`),
  KEY `data_exact` (`data`(250)),
  FULLTEXT KEY `data` (`data`)
) ENGINE=MyISAM DEFAULT CHARSET=utf8;

/*Data for the table `field_link_url` */

insert  into `field_link_url`(`pages_id`,`data`) values (1199,'#'),(1198,'#'),(1197,'/expertise/it-architektur/it-consulting'),(1218,'/job/head-of-people-operations'),(1219,'#'),(1220,'#');

/*Table structure for table `field_list_image` */

DROP TABLE IF EXISTS `field_list_image`;

CREATE TABLE `field_list_image` (
  `pages_id` int(10) unsigned NOT NULL,
  `data` varchar(250) NOT NULL,
  `sort` int(10) unsigned NOT NULL,
  `description` text NOT NULL,
  `modified` datetime DEFAULT NULL,
  `created` datetime DEFAULT NULL,
  `filedata` mediumtext,
  PRIMARY KEY (`pages_id`,`sort`),
  KEY `data` (`data`),
  KEY `modified` (`modified`),
  KEY `created` (`created`),
  FULLTEXT KEY `description` (`description`),
  FULLTEXT KEY `filedata` (`filedata`)
) ENGINE=MyISAM DEFAULT CHARSET=utf8;

/*Data for the table `field_list_image` */

insert  into `field_list_image`(`pages_id`,`data`,`sort`,`description`,`modified`,`created`,`filedata`) values (1129,'news3.jpg',0,'[\"\"]','2019-06-25 11:24:24','2019-06-25 11:24:24',''),(1226,'news3.jpg',0,'[\"\"]','2019-06-25 11:46:30','2019-06-25 11:46:30',''),(1228,'news1.jpg',0,'[\"\"]','2019-06-25 11:47:12','2019-06-25 11:47:12',''),(1230,'news2.jpg',0,'[\"\"]','2019-06-25 11:47:40','2019-06-25 11:47:40',''),(1232,'news3.jpg',0,'[\"\"]','2019-06-25 11:48:08','2019-06-25 11:48:08',''),(1234,'news3.jpg',0,'[\"\"]','2019-06-25 11:48:29','2019-06-25 11:48:29',''),(1236,'news3.jpg',0,'[\"\"]','2019-06-25 11:48:58','2019-06-25 11:48:58',''),(1238,'news3.jpg',0,'[\"\"]','2019-06-25 11:49:24','2019-06-25 11:49:24',''),(1240,'news2.jpg',0,'[\"\"]','2019-06-25 11:49:49','2019-06-25 11:49:49',''),(1242,'news3.jpg',0,'[\"\"]','2019-06-25 11:50:50','2019-06-25 11:50:50','');

/*Table structure for table `field_location` */

DROP TABLE IF EXISTS `field_location`;

CREATE TABLE `field_location` (
  `pages_id` int(10) unsigned NOT NULL,
  `data` varchar(255) NOT NULL DEFAULT '',
  `lat` float(10,6) NOT NULL DEFAULT '0.000000',
  `lng` float(10,6) NOT NULL DEFAULT '0.000000',
  `status` tinyint(4) NOT NULL DEFAULT '0',
  `zoom` tinyint(4) NOT NULL DEFAULT '0',
  PRIMARY KEY (`pages_id`),
  KEY `latlng` (`lat`,`lng`),
  KEY `zoom` (`zoom`),
  FULLTEXT KEY `data` (`data`)
) ENGINE=MyISAM DEFAULT CHARSET=utf8;

/*Data for the table `field_location` */

insert  into `field_location`(`pages_id`,`data`,`lat`,`lng`,`status`,`zoom`) values (1124,'',35.084492,-106.651138,-100,12);

/*Table structure for table `field_news_list` */

DROP TABLE IF EXISTS `field_news_list`;

CREATE TABLE `field_news_list` (
  `pages_id` int(10) unsigned NOT NULL,
  `data` text NOT NULL,
  `count` int(11) NOT NULL,
  `parent_id` int(11) NOT NULL,
  PRIMARY KEY (`pages_id`),
  KEY `data_exact` (`data`(1)),
  KEY `count` (`count`,`pages_id`),
  KEY `parent_id` (`parent_id`,`pages_id`),
  FULLTEXT KEY `data` (`data`)
) ENGINE=MyISAM DEFAULT CHARSET=utf8;

/*Data for the table `field_news_list` */

/*Table structure for table `field_news_post_info` */

DROP TABLE IF EXISTS `field_news_post_info`;

CREATE TABLE `field_news_post_info` (
  `pages_id` int(10) unsigned NOT NULL,
  `data` mediumtext NOT NULL,
  `data1225` mediumtext,
  PRIMARY KEY (`pages_id`),
  KEY `data_exact` (`data`(250)),
  FULLTEXT KEY `data` (`data`),
  FULLTEXT KEY `data1225` (`data1225`)
) ENGINE=MyISAM DEFAULT CHARSET=utf8;

/*Data for the table `field_news_post_info` */

/*Table structure for table `field_news_summary` */

DROP TABLE IF EXISTS `field_news_summary`;

CREATE TABLE `field_news_summary` (
  `pages_id` int(10) unsigned NOT NULL,
  `data` text NOT NULL,
  PRIMARY KEY (`pages_id`),
  KEY `data_exact` (`data`(250)),
  FULLTEXT KEY `data` (`data`)
) ENGINE=MyISAM DEFAULT CHARSET=utf8;

/*Data for the table `field_news_summary` */

insert  into `field_news_summary`(`pages_id`,`data`) values (1129,'Lorem ipsum dolor sit amet, consectetur adipiscing elit, sed do eiusmod tempor incididunt ut labore et dolore magna aliqua. Ut enim ad minim veniam, quis nostrud exercitation ullamco laboris nisi ut aliquip ex ea commodo consequat. Duis aute irure dolor in reprehenderit in voluptate velit esse cillum dolore eu fugiat nulla pariatur. Excepteur sint occaecat cupidatat non proident, sunt in culpa qui officia deserunt mollit anim id est laborum.'),(1226,'Lorem ipsum dolor sit amet, consectetur adipiscing elit, sed do eiusmod tempor incididunt ut labore et dolore magna aliqua. Ut enim ad minim veniam, quis nostrud exercitation ullamco laboris nisi ut aliquip ex ea commodo consequat. Duis aute irure dolor in reprehenderit in voluptate velit esse cillum dolore eu fugiat nulla pariatur. Excepteur sint occaecat cupidatat non proident, sunt in culpa qui officia deserunt mollit anim id est laborum.'),(1228,'Lorem ipsum dolor sit amet, consectetur adipiscing elit, sed do eiusmod tempor incididunt ut labore et dolore magna aliqua. Ut enim ad minim veniam, quis nostrud exercitation ullamco laboris nisi ut aliquip ex ea commodo consequat. Duis aute irure dolor in reprehenderit in voluptate velit esse cillum dolore eu fugiat nulla pariatur. Excepteur sint occaecat cupidatat non proident, sunt in culpa qui officia deserunt mollit anim id est laborum.'),(1230,'Lorem ipsum dolor sit amet, consectetur adipiscing elit, sed do eiusmod tempor incididunt ut labore et dolore magna aliqua. Ut enim ad minim veniam, quis nostrud exercitation ullamco laboris nisi ut aliquip ex ea commodo consequat. Duis aute irure dolor in reprehenderit in voluptate velit esse cillum dolore eu fugiat nulla pariatur. Excepteur sint occaecat cupidatat non proident, sunt in culpa qui officia deserunt mollit anim id est laborum.'),(1232,'Lorem ipsum dolor sit amet, consectetur adipiscing elit, sed do eiusmod tempor incididunt ut labore et dolore magna aliqua. Ut enim ad minim veniam, quis nostrud exercitation ullamco laboris nisi ut aliquip ex ea commodo consequat. Duis aute irure dolor in reprehenderit in voluptate velit esse cillum dolore eu fugiat nulla pariatur. Excepteur sint occaecat cupidatat non proident, sunt in culpa qui officia deserunt mollit anim id est laborum.'),(1234,'Lorem ipsum dolor sit amet, consectetur adipiscing elit, sed do eiusmod tempor incididunt ut labore et dolore magna aliqua. Ut enim ad minim veniam, quis nostrud exercitation ullamco laboris nisi ut aliquip ex ea commodo consequat. Duis aute irure dolor in reprehenderit in voluptate velit esse cillum dolore eu fugiat nulla pariatur. Excepteur sint occaecat cupidatat non proident, sunt in culpa qui officia deserunt mollit anim id est laborum.'),(1236,'Lorem ipsum dolor sit amet, consectetur adipiscing elit, sed do eiusmod tempor incididunt ut labore et dolore magna aliqua. Ut enim ad minim veniam, quis nostrud exercitation ullamco laboris nisi ut aliquip ex ea commodo consequat. Duis aute irure dolor in reprehenderit in voluptate velit esse cillum dolore eu fugiat nulla pariatur. Excepteur sint occaecat cupidatat non proident, sunt in culpa qui officia deserunt mollit anim id est laborum.'),(1238,'Lorem ipsum dolor sit amet, consectetur adipiscing elit, sed do eiusmod tempor incididunt ut labore et dolore magna aliqua. Ut enim ad minim veniam, quis nostrud exercitation ullamco laboris nisi ut aliquip ex ea commodo consequat. Duis aute irure dolor in reprehenderit in voluptate velit esse cillum dolore eu fugiat nulla pariatur. Excepteur sint occaecat cupidatat non proident, sunt in culpa qui officia deserunt mollit anim id est laborum.'),(1240,'Lorem ipsum dolor sit amet, consectetur adipiscing elit, sed do eiusmod tempor incididunt ut labore et dolore magna aliqua. Ut enim ad minim veniam, quis nostrud exercitation ullamco laboris nisi ut aliquip ex ea commodo consequat. Duis aute irure dolor in reprehenderit in voluptate velit esse cillum dolore eu fugiat nulla pariatur. Excepteur sint occaecat cupidatat non proident, sunt in culpa qui officia deserunt mollit anim id est laborum.'),(1242,'Lorem ipsum dolor sit amet, consectetur adipiscing elit, sed do eiusmod tempor incididunt ut labore et dolore magna aliqua. Ut enim ad minim veniam, quis nostrud exercitation ullamco laboris nisi ut aliquip ex ea commodo consequat. Duis aute irure dolor in reprehenderit in voluptate velit esse cillum dolore eu fugiat nulla pariatur. Excepteur sint occaecat cupidatat non proident, sunt in culpa qui officia deserunt mollit anim id est laborum.');

/*Table structure for table `field_news_tabs` */

DROP TABLE IF EXISTS `field_news_tabs`;

CREATE TABLE `field_news_tabs` (
  `pages_id` int(10) unsigned NOT NULL,
  `data` text NOT NULL,
  `count` int(11) NOT NULL,
  `parent_id` int(11) NOT NULL,
  PRIMARY KEY (`pages_id`),
  KEY `data_exact` (`data`(1)),
  KEY `count` (`count`,`pages_id`),
  KEY `parent_id` (`parent_id`,`pages_id`),
  FULLTEXT KEY `data` (`data`)
) ENGINE=MyISAM DEFAULT CHARSET=utf8;

/*Data for the table `field_news_tabs` */

insert  into `field_news_tabs`(`pages_id`,`data`,`count`,`parent_id`) values (1128,'1245,1246,1247,1248,1249,1250,1251,1252,1253,1254',10,1244);

/*Table structure for table `field_office_address` */

DROP TABLE IF EXISTS `field_office_address`;

CREATE TABLE `field_office_address` (
  `pages_id` int(10) unsigned NOT NULL,
  `data` mediumtext NOT NULL,
  PRIMARY KEY (`pages_id`),
  KEY `data_exact` (`data`(250)),
  FULLTEXT KEY `data` (`data`)
) ENGINE=MyISAM DEFAULT CHARSET=utf8;

/*Data for the table `field_office_address` */

insert  into `field_office_address`(`pages_id`,`data`) values (1083,'Am Sandtorkai 48\n20457 Hamburg'),(1084,'Am Sandtorkai 48\n20457 Hamburg'),(1085,'Am Sandtorkai 48\n20457 Hamburg'),(1086,'Am Sandtorkai 48\n20457 Hamburg'),(1087,'Am Sandtorkai 48\n20457 Hamburg'),(1088,'Am Sandtorkai 48\n20457 Hamburg');

/*Table structure for table `field_office_city` */

DROP TABLE IF EXISTS `field_office_city`;

CREATE TABLE `field_office_city` (
  `pages_id` int(10) unsigned NOT NULL,
  `data` text NOT NULL,
  PRIMARY KEY (`pages_id`),
  KEY `data_exact` (`data`(250)),
  FULLTEXT KEY `data` (`data`)
) ENGINE=MyISAM DEFAULT CHARSET=utf8;

/*Data for the table `field_office_city` */

insert  into `field_office_city`(`pages_id`,`data`) values (1083,'Amsterdam'),(1084,'Berlin'),(1085,'Hamburg'),(1086,'London'),(1087,'Paris'),(1088,'Zurich');

/*Table structure for table `field_office_email` */

DROP TABLE IF EXISTS `field_office_email`;

CREATE TABLE `field_office_email` (
  `pages_id` int(10) unsigned NOT NULL,
  `data` text NOT NULL,
  PRIMARY KEY (`pages_id`),
  KEY `data_exact` (`data`(250)),
  FULLTEXT KEY `data` (`data`)
) ENGINE=MyISAM DEFAULT CHARSET=utf8;

/*Data for the table `field_office_email` */

insert  into `field_office_email`(`pages_id`,`data`) values (1083,'contact@paltron.com'),(1084,'contact@paltron.com'),(1085,'contact@paltron.com'),(1086,'contact@paltron.com'),(1087,'contact@paltron.com'),(1088,'contact@paltron.com');

/*Table structure for table `field_office_image` */

DROP TABLE IF EXISTS `field_office_image`;

CREATE TABLE `field_office_image` (
  `pages_id` int(10) unsigned NOT NULL,
  `data` varchar(250) NOT NULL,
  `sort` int(10) unsigned NOT NULL,
  `description` text NOT NULL,
  `modified` datetime DEFAULT NULL,
  `created` datetime DEFAULT NULL,
  `filedata` mediumtext,
  PRIMARY KEY (`pages_id`,`sort`),
  KEY `data` (`data`),
  KEY `modified` (`modified`),
  KEY `created` (`created`),
  FULLTEXT KEY `description` (`description`),
  FULLTEXT KEY `filedata` (`filedata`)
) ENGINE=MyISAM DEFAULT CHARSET=utf8;

/*Data for the table `field_office_image` */

insert  into `field_office_image`(`pages_id`,`data`,`sort`,`description`,`modified`,`created`,`filedata`) values (1083,'bg-amsterdam.jpg',0,'[\"\"]','2019-06-12 17:29:03','2019-06-12 17:29:03',''),(1084,'bg-berlin.jpg',0,'[\"\"]','2019-06-12 17:30:30','2019-06-12 17:30:30',''),(1085,'bg-hamburg.jpg',0,'[\"\"]','2019-06-12 17:30:30','2019-06-12 17:30:30',''),(1086,'bg-london.jpg',0,'[\"\"]','2019-06-12 17:30:30','2019-06-12 17:30:30',''),(1087,'bg-paris.jpg',0,'[\"\"]','2019-06-12 17:30:57','2019-06-12 17:30:57',''),(1088,'bg-zurich.jpg',0,'[\"\"]','2019-06-12 17:35:27','2019-06-12 17:35:27','');

/*Table structure for table `field_office_phone_number` */

DROP TABLE IF EXISTS `field_office_phone_number`;

CREATE TABLE `field_office_phone_number` (
  `pages_id` int(10) unsigned NOT NULL,
  `data` text NOT NULL,
  PRIMARY KEY (`pages_id`),
  KEY `data_exact` (`data`(250)),
  FULLTEXT KEY `data` (`data`)
) ENGINE=MyISAM DEFAULT CHARSET=utf8;

/*Data for the table `field_office_phone_number` */

insert  into `field_office_phone_number`(`pages_id`,`data`) values (1083,'+49 (0) 40 180 241 180'),(1084,'+49 (0) 40 180 241 180'),(1085,'+49 (0) 40 180 241 180'),(1086,'+49 (0) 40 180 241 180'),(1087,'+49 (0) 40 180 241 180'),(1088,'+49 (0) 40 180 241 180');

/*Table structure for table `field_offices` */

DROP TABLE IF EXISTS `field_offices`;

CREATE TABLE `field_offices` (
  `pages_id` int(10) unsigned NOT NULL,
  `data` text NOT NULL,
  `count` int(11) NOT NULL,
  `parent_id` int(11) NOT NULL,
  PRIMARY KEY (`pages_id`),
  KEY `data_exact` (`data`(1)),
  KEY `count` (`count`,`pages_id`),
  KEY `parent_id` (`parent_id`,`pages_id`),
  FULLTEXT KEY `data` (`data`)
) ENGINE=MyISAM DEFAULT CHARSET=utf8;

/*Data for the table `field_offices` */

insert  into `field_offices`(`pages_id`,`data`,`count`,`parent_id`) values (1,'1083,1084,1085,1086,1087,1088',6,1082);

/*Table structure for table `field_paltron_news` */

DROP TABLE IF EXISTS `field_paltron_news`;

CREATE TABLE `field_paltron_news` (
  `pages_id` int(10) unsigned NOT NULL,
  `data` text NOT NULL,
  `count` int(11) NOT NULL,
  `parent_id` int(11) NOT NULL,
  PRIMARY KEY (`pages_id`),
  KEY `data_exact` (`data`(1)),
  KEY `count` (`count`,`pages_id`),
  KEY `parent_id` (`parent_id`,`pages_id`),
  FULLTEXT KEY `data` (`data`)
) ENGINE=MyISAM DEFAULT CHARSET=utf8;

/*Data for the table `field_paltron_news` */

insert  into `field_paltron_news`(`pages_id`,`data`,`count`,`parent_id`) values (1130,'1144,1145,1146',3,1143),(1129,'1170,1171,1172,1173',4,1169),(1226,'',0,1227),(1228,'',0,1229),(1230,'',0,1231),(1232,'',0,1233),(1234,'',0,1235),(1236,'',0,1237),(1238,'',0,1239),(1240,'',0,1241),(1242,'',0,1243);

/*Table structure for table `field_partners_image` */

DROP TABLE IF EXISTS `field_partners_image`;

CREATE TABLE `field_partners_image` (
  `pages_id` int(10) unsigned NOT NULL,
  `data` varchar(250) NOT NULL,
  `sort` int(10) unsigned NOT NULL,
  `description` text NOT NULL,
  `modified` datetime DEFAULT NULL,
  `created` datetime DEFAULT NULL,
  `filedata` mediumtext,
  PRIMARY KEY (`pages_id`,`sort`),
  KEY `data` (`data`),
  KEY `modified` (`modified`),
  KEY `created` (`created`),
  FULLTEXT KEY `description` (`description`),
  FULLTEXT KEY `filedata` (`filedata`)
) ENGINE=MyISAM DEFAULT CHARSET=utf8;

/*Data for the table `field_partners_image` */

insert  into `field_partners_image`(`pages_id`,`data`,`sort`,`description`,`modified`,`created`,`filedata`) values (1,'featured8-1.jpg',7,'[\"\"]','2019-06-12 17:00:01','2019-06-12 17:00:01',''),(1,'featured7-1.jpg',6,'[\"\"]','2019-06-12 17:00:01','2019-06-12 17:00:01',''),(1,'featured6-1.jpg',5,'[\"\"]','2019-06-12 17:00:01','2019-06-12 17:00:01',''),(1,'featured5-1.jpg',4,'[\"\"]','2019-06-12 17:00:01','2019-06-12 17:00:01',''),(1,'featured4-1.jpg',3,'[\"\"]','2019-06-12 17:00:01','2019-06-12 17:00:01',''),(1,'featured3-1.jpg',2,'[\"\"]','2019-06-12 17:00:01','2019-06-12 17:00:01',''),(1,'featured2-1.jpg',1,'[\"\"]','2019-06-12 17:00:01','2019-06-12 17:00:01',''),(1,'featured1-1.jpg',0,'[\"\"]','2019-06-12 17:00:01','2019-06-12 17:00:01',''),(1095,'bree.png',7,'','2019-06-17 12:18:11','2019-06-17 12:18:11',''),(1095,'blume-2000.png',6,'','2019-06-17 12:18:11','2019-06-17 12:18:11',''),(1095,'bertelsmann.png',5,'','2019-06-17 12:18:11','2019-06-17 12:18:11',''),(1095,'bauer.png',4,'','2019-06-17 12:08:24','2019-06-17 12:08:24',''),(1095,'audi.png',3,'','2019-06-17 12:08:24','2019-06-17 12:08:24',''),(1095,'arvato.png',2,'','2019-06-17 12:08:24','2019-06-17 12:08:24',''),(1095,'alphabit.png',1,'','2019-06-17 12:08:24','2019-06-17 12:08:24',''),(1095,'airbus.png',0,'','2019-06-17 12:08:24','2019-06-17 12:08:24','');

/*Table structure for table `field_pass` */

DROP TABLE IF EXISTS `field_pass`;

CREATE TABLE `field_pass` (
  `pages_id` int(10) unsigned NOT NULL,
  `data` char(40) NOT NULL,
  `salt` char(32) NOT NULL,
  PRIMARY KEY (`pages_id`),
  KEY `data` (`data`)
) ENGINE=MyISAM DEFAULT CHARSET=ascii;

/*Data for the table `field_pass` */

insert  into `field_pass`(`pages_id`,`data`,`salt`) values (41,'fGUvw9olZvSr55g8cNltLeLDn/T696q','$2y$11$YNHPXnz7dU/uw95q58/3dO'),(40,'','');

/*Table structure for table `field_permissions` */

DROP TABLE IF EXISTS `field_permissions`;

CREATE TABLE `field_permissions` (
  `pages_id` int(10) unsigned NOT NULL,
  `data` int(11) NOT NULL,
  `sort` int(10) unsigned NOT NULL,
  PRIMARY KEY (`pages_id`,`sort`),
  KEY `data` (`data`,`pages_id`,`sort`)
) ENGINE=MyISAM DEFAULT CHARSET=utf8;

/*Data for the table `field_permissions` */

insert  into `field_permissions`(`pages_id`,`data`,`sort`) values (38,32,1),(38,34,2),(38,35,3),(37,36,0),(38,36,0),(38,50,4),(38,51,5),(38,52,7),(38,53,8),(38,54,6);

/*Table structure for table `field_policy_rule` */

DROP TABLE IF EXISTS `field_policy_rule`;

CREATE TABLE `field_policy_rule` (
  `pages_id` int(10) unsigned NOT NULL,
  `data` text NOT NULL,
  `count` int(11) NOT NULL,
  `parent_id` int(11) NOT NULL,
  PRIMARY KEY (`pages_id`),
  KEY `data_exact` (`data`(1)),
  KEY `count` (`count`,`pages_id`),
  KEY `parent_id` (`parent_id`,`pages_id`),
  FULLTEXT KEY `data` (`data`)
) ENGINE=MyISAM DEFAULT CHARSET=utf8;

/*Data for the table `field_policy_rule` */

insert  into `field_policy_rule`(`pages_id`,`data`,`count`,`parent_id`) values (1101,'1109,1110,1111,1112,1113,1114,1115,1116',8,1102);

/*Table structure for table `field_process` */

DROP TABLE IF EXISTS `field_process`;

CREATE TABLE `field_process` (
  `pages_id` int(11) NOT NULL DEFAULT '0',
  `data` int(11) NOT NULL DEFAULT '0',
  PRIMARY KEY (`pages_id`),
  KEY `data` (`data`)
) ENGINE=MyISAM DEFAULT CHARSET=utf8;

/*Data for the table `field_process` */

insert  into `field_process`(`pages_id`,`data`) values (6,17),(3,12),(8,12),(9,14),(10,7),(11,47),(16,48),(300,104),(21,50),(29,66),(23,10),(304,138),(31,136),(22,76),(30,68),(303,129),(2,87),(302,121),(301,109),(28,76),(1007,150),(1009,155),(1011,157),(1222,190),(1224,191);

/*Table structure for table `field_rating` */

DROP TABLE IF EXISTS `field_rating`;

CREATE TABLE `field_rating` (
  `pages_id` int(10) unsigned NOT NULL,
  `data` float NOT NULL,
  PRIMARY KEY (`pages_id`),
  KEY `data` (`data`)
) ENGINE=MyISAM DEFAULT CHARSET=utf8;

/*Data for the table `field_rating` */

insert  into `field_rating`(`pages_id`,`data`) values (1124,4.17);

/*Table structure for table `field_rating_votes` */

DROP TABLE IF EXISTS `field_rating_votes`;

CREATE TABLE `field_rating_votes` (
  `comment_id` int(10) unsigned NOT NULL,
  `vote` tinyint(4) NOT NULL,
  `created` timestamp NOT NULL DEFAULT CURRENT_TIMESTAMP ON UPDATE CURRENT_TIMESTAMP,
  `ip` varchar(15) NOT NULL DEFAULT '',
  `user_id` int(10) unsigned NOT NULL DEFAULT '0',
  PRIMARY KEY (`comment_id`,`ip`,`vote`),
  KEY `created` (`created`)
) ENGINE=MyISAM DEFAULT CHARSET=utf8;

/*Data for the table `field_rating_votes` */

/*Table structure for table `field_roles` */

DROP TABLE IF EXISTS `field_roles`;

CREATE TABLE `field_roles` (
  `pages_id` int(10) unsigned NOT NULL,
  `data` int(11) NOT NULL,
  `sort` int(10) unsigned NOT NULL,
  PRIMARY KEY (`pages_id`,`sort`),
  KEY `data` (`data`,`pages_id`,`sort`)
) ENGINE=MyISAM DEFAULT CHARSET=utf8;

/*Data for the table `field_roles` */

insert  into `field_roles`(`pages_id`,`data`,`sort`) values (40,37,0),(41,37,0),(41,38,2);

/*Table structure for table `field_service_category` */

DROP TABLE IF EXISTS `field_service_category`;

CREATE TABLE `field_service_category` (
  `pages_id` int(10) unsigned NOT NULL,
  `data` text NOT NULL,
  `count` int(11) NOT NULL,
  `parent_id` int(11) NOT NULL,
  PRIMARY KEY (`pages_id`),
  KEY `data_exact` (`data`(1)),
  KEY `count` (`count`,`pages_id`),
  KEY `parent_id` (`parent_id`,`pages_id`),
  FULLTEXT KEY `data` (`data`)
) ENGINE=MyISAM DEFAULT CHARSET=utf8;

/*Data for the table `field_service_category` */

/*Table structure for table `field_service_category_description` */

DROP TABLE IF EXISTS `field_service_category_description`;

CREATE TABLE `field_service_category_description` (
  `pages_id` int(10) unsigned NOT NULL,
  `data` text NOT NULL,
  `data1225` text,
  PRIMARY KEY (`pages_id`),
  KEY `data_exact` (`data`(250)),
  KEY `data_exact1225` (`data1225`(250)),
  FULLTEXT KEY `data` (`data`),
  FULLTEXT KEY `data1225` (`data1225`)
) ENGINE=MyISAM DEFAULT CHARSET=utf8;

/*Data for the table `field_service_category_description` */

/*Table structure for table `field_service_category_image` */

DROP TABLE IF EXISTS `field_service_category_image`;

CREATE TABLE `field_service_category_image` (
  `pages_id` int(10) unsigned NOT NULL,
  `data` varchar(250) NOT NULL,
  `sort` int(10) unsigned NOT NULL,
  `description` text NOT NULL,
  `modified` datetime DEFAULT NULL,
  `created` datetime DEFAULT NULL,
  `filedata` mediumtext,
  PRIMARY KEY (`pages_id`,`sort`),
  KEY `data` (`data`),
  KEY `modified` (`modified`),
  KEY `created` (`created`),
  FULLTEXT KEY `description` (`description`),
  FULLTEXT KEY `filedata` (`filedata`)
) ENGINE=MyISAM DEFAULT CHARSET=utf8;

/*Data for the table `field_service_category_image` */

/*Table structure for table `field_sidebar` */

DROP TABLE IF EXISTS `field_sidebar`;

CREATE TABLE `field_sidebar` (
  `pages_id` int(10) unsigned NOT NULL,
  `data` mediumtext NOT NULL,
  PRIMARY KEY (`pages_id`),
  FULLTEXT KEY `data` (`data`)
) ENGINE=MyISAM DEFAULT CHARSET=utf8;

/*Data for the table `field_sidebar` */

insert  into `field_sidebar`(`pages_id`,`data`) values (1002,'<h3>Sudo nullus</h3><p>Et torqueo vulpes vereor luctus augue quod consectetuer antehabeo causa patria tation ex plaga ut. Abluo delenit wisi iriure eros feugiat probo nisl aliquip nisl, patria. Antehabeo esse camur nisl modo utinam. Sudo nullus ventosus ibidem facilisis saepius eum sino pneum, vicis odio voco opto.</p>');

/*Table structure for table `field_status_quo` */

DROP TABLE IF EXISTS `field_status_quo`;

CREATE TABLE `field_status_quo` (
  `pages_id` int(10) unsigned NOT NULL,
  `data` text NOT NULL,
  `count` int(11) NOT NULL,
  `parent_id` int(11) NOT NULL,
  PRIMARY KEY (`pages_id`),
  KEY `data_exact` (`data`(1)),
  KEY `count` (`count`,`pages_id`),
  KEY `parent_id` (`parent_id`,`pages_id`),
  FULLTEXT KEY `data` (`data`)
) ENGINE=MyISAM DEFAULT CHARSET=utf8;

/*Data for the table `field_status_quo` */

insert  into `field_status_quo`(`pages_id`,`data`,`count`,`parent_id`) values (1130,'1138,1139,1140,1141',4,1137);

/*Table structure for table `field_sub_expertise` */

DROP TABLE IF EXISTS `field_sub_expertise`;

CREATE TABLE `field_sub_expertise` (
  `pages_id` int(10) unsigned NOT NULL,
  `data` text NOT NULL,
  `count` int(11) NOT NULL,
  `parent_id` int(11) NOT NULL,
  PRIMARY KEY (`pages_id`),
  KEY `data_exact` (`data`(1)),
  KEY `count` (`count`,`pages_id`),
  KEY `parent_id` (`parent_id`,`pages_id`),
  FULLTEXT KEY `data` (`data`)
) ENGINE=MyISAM DEFAULT CHARSET=utf8;

/*Data for the table `field_sub_expertise` */

insert  into `field_sub_expertise`(`pages_id`,`data`,`count`,`parent_id`) values (1181,'1197,1198,1199',3,1196),(1203,'',0,1205);

/*Table structure for table `field_success_story` */

DROP TABLE IF EXISTS `field_success_story`;

CREATE TABLE `field_success_story` (
  `pages_id` int(10) unsigned NOT NULL,
  `data` mediumtext NOT NULL,
  `data1225` mediumtext,
  PRIMARY KEY (`pages_id`),
  KEY `data_exact` (`data`(250)),
  FULLTEXT KEY `data` (`data`),
  FULLTEXT KEY `data1225` (`data1225`)
) ENGINE=MyISAM DEFAULT CHARSET=utf8;

/*Data for the table `field_success_story` */

insert  into `field_success_story`(`pages_id`,`data`,`data1225`) values (1130,'<p>Die Frage, wann eine Position wirklich gut besetzt ist, begleitet uns als Personalberatung jeden Tag. Seit unserer Grndung 2015 sind wir als Teil der Careerteam Gruppe stetig gewachsen. Wir haben es uns zur Aufgabe gemacht die Personalberatung der Zukunft zu schaffen und einen ganzen Industriezweig mit Fokus auf die wichtigsten IT-Themen unserer globalen Gesellschaft zu gestalten.</p>\n\n<p>Wir sind davon berzeugt, dass nicht allein die fachliche Kompetenz eine gute Positionsbesetzung ausmacht. Wir gehen weiter und wollen, dass Menschen im Arbeitsleben glcklich sind und sich absolut mit ihrer jeweiligen Ttigkeit identifizieren knnen. Erst dann ist eine Position gut besetzt und bildet den Nhrboden fr eine langfristige und erfolgreiche Zukunft.</p>\n\n<p>Unser Erfolgsrezept ist das Zusammenspiel ausgezeichneter Berater, sowie regional, national und global etablierter Marktfhrer mit spannenden und zukunftsweisenden Projekten ber alle Industrien. Wir kennen unsere Partner und deren Projekte aus jedem mglichen Blickwinkel und finden individuell auf die jeweiligen Bedrfnisse und Wnsche des einzelnen Partners zugeschnittene Lsungen, weil wir selbst Unternehmen im Digital- und IT-Bereich gegrndet, aufgebaut und zum Erfolg gefhrt haben.</p>','');

/*Table structure for table `field_summary` */

DROP TABLE IF EXISTS `field_summary`;

CREATE TABLE `field_summary` (
  `pages_id` int(10) unsigned NOT NULL,
  `data` mediumtext NOT NULL,
  `data1225` mediumtext,
  PRIMARY KEY (`pages_id`),
  KEY `data_exact` (`data`(250)),
  FULLTEXT KEY `data` (`data`),
  FULLTEXT KEY `data1225` (`data1225`)
) ENGINE=MyISAM DEFAULT CHARSET=utf8;

/*Data for the table `field_summary` */

insert  into `field_summary`(`pages_id`,`data`,`data1225`) values (1002,'Dolore ea valde refero feugait utinam luctus. Probo velit commoveo et, delenit praesent, suscipit zelus, hendrerit zelus illum facilisi, regula. ',NULL),(1001,'This is a placeholder page with two child pages to serve as an example. ',NULL),(1005,'View this template\'s source for a demonstration of how to create a basic site map. ',NULL),(1003,'More about the templates included in this basic site profile. ',NULL),(1004,'Mos erat reprobo in praesent, mara premo, obruo iustum pecus velit lobortis te sagaciter populus.',NULL),(1,'<p>PALTRON website</p>',NULL);

/*Table structure for table `field_title` */

DROP TABLE IF EXISTS `field_title`;

CREATE TABLE `field_title` (
  `pages_id` int(10) unsigned NOT NULL,
  `data` text NOT NULL,
  `data1225` text,
  PRIMARY KEY (`pages_id`),
  KEY `data_exact` (`data`(250)),
  KEY `data_exact1225` (`data1225`(250)),
  FULLTEXT KEY `data` (`data`),
  FULLTEXT KEY `data1225` (`data1225`)
) ENGINE=MyISAM DEFAULT CHARSET=utf8;

/*Data for the table `field_title` */

insert  into `field_title`(`pages_id`,`data`,`data1225`) values (11,'Templates',NULL),(16,'Fields',NULL),(22,'Setup',NULL),(3,'Pages',NULL),(6,'Add Page',NULL),(8,'Tree',NULL),(9,'Save Sort',NULL),(10,'Edit',NULL),(21,'Modules',NULL),(29,'Users',NULL),(30,'Roles',NULL),(2,'Admin',NULL),(7,'Trash',NULL),(27,'404 Page Not Found',NULL),(302,'Insert Link',NULL),(23,'Login',NULL),(304,'Profile',NULL),(301,'Empty Trash',NULL),(300,'Search',NULL),(303,'Insert Image',NULL),(28,'Access',NULL),(31,'Permissions',NULL),(32,'Edit pages',NULL),(34,'Delete pages',NULL),(35,'Move pages (change parent)',NULL),(36,'View pages',NULL),(50,'Sort child pages',NULL),(51,'Change templates on pages',NULL),(52,'Administer users',NULL),(53,'User can update profile/password',NULL),(54,'Lock or unlock a page',NULL),(1,'Home',NULL),(1001,'About',NULL),(1002,'Child page example 1',NULL),(1000,'Search',NULL),(1003,'Templates',NULL),(1004,'Child page example 2',NULL),(1005,'Site Map',NULL),(1006,'Use Page Lister',NULL),(1007,'Find',NULL),(1009,'Recent',NULL),(1010,'Can see recently edited pages',NULL),(1011,'Logs',NULL),(1012,'Can view system logs',NULL),(1013,'Can manage system logs',NULL),(1014,'Repeaters',NULL),(1015,'header_block',NULL),(1018,'besetzung_block',NULL),(1023,'accordion_block',NULL),(1028,'expertise_card',NULL),(1055,'offices',NULL),(1089,'job_classify_item',NULL),(1095,'Job Overview',NULL),(1090,'home',NULL),(1069,'home',NULL),(1073,'home',NULL),(1077,'home',NULL),(1082,'home',NULL),(1096,'service_category',NULL),(1097,'job_note',NULL),(1098,'job',NULL),(1100,'policy_rule',NULL),(1078,'Big Data & Business Intelligence',NULL),(1079,'IOT(Internet of things) & Cloud',NULL),(1080,'Cyber,- IT-Security',NULL),(1081,'ERP & SAP',NULL),(1101,'Data-Policy',NULL),(1102,'data-policy',NULL),(1105,'Impressum',NULL),(1109,'I. Allgemeines zur Datenverarbeitung',NULL),(1110,'II. Bereitstellung der Website und Erstellung von Logfiles',NULL),(1111,'III. Verwendung von Cookies',NULL),(1112,'IV. Webanalyse und weitere Google-Dienste, sowie Lead Generierung',NULL),(1113,'V. Kontaktformular, Datenschutz im Bewerbungsverfahren',NULL),(1114,'VI. Onlineprsenzen in sozialen Medien und Einbindung Dienste Dritter',NULL),(1115,'VII. Information nach Art. 14 DSGVO',NULL),(1116,'VIII. Rechte der betroffenen Person',NULL),(1124,'Head of People Operations',NULL),(1125,'Newjos',NULL),(1127,'newjos',NULL),(1128,'News',NULL),(1129,'PALTRON News',NULL),(1130,'About Us',NULL),(1131,'about_notes',NULL),(1132,'about-us',NULL),(1136,'status_quo',NULL),(1137,'about-us',NULL),(1138,'In 8 Locations ber 4 Lnder in Europa',NULL),(1139,'ber 200 Recruiting Experten',NULL),(1140,'Ein Netzwerk aus ber 450.000 IT-Fach- und Fhrungskrften',NULL),(1141,'ber 8 Jahre Excutive Search Erfahrung im digitalen Bereich',NULL),(1142,'paltron_news',NULL),(1143,'about-us',NULL),(1147,'news_tabs',NULL),(1245,'PALTRON News',''),(1254,'Cyber-Security',''),(1253,'Blockchain',''),(1252,'Big Data & Data Science',''),(1251,'IT-Architecture & -Infrastructure',''),(1250,'Allgemein',''),(1249,'Machine Learning',''),(1248,'IT-Consulting',''),(1247,'Internet of Things',''),(1246,'Cloud Technologien',''),(1159,'news_list',NULL),(1226,'News1',''),(1227,'news1',''),(1228,'News2',''),(1229,'news2',''),(1230,'New3',''),(1231,'new3',''),(1232,'News4',''),(1233,'news4',''),(1234,'News5',''),(1235,'news5',''),(1236,'News6',''),(1237,'news6',''),(1238,'News8',''),(1239,'news8',''),(1240,'News9',''),(1241,'news9',''),(1242,'Lorem ipsum dolor sit amet, consectetur adipiscing elit.',''),(1169,'news',NULL),(1174,'Find Job',NULL),(1175,'Apply Job',NULL),(1176,'apply-job',NULL),(1181,'IT-Architektur',NULL),(1182,'advantages',NULL),(1190,'jobs',NULL),(1197,'IT Consultant',NULL),(1199,'Pre-Sales Consultant',NULL),(1198,'IT Projektleiter',NULL),(1195,'sub_expertise',NULL),(1196,'expertise',NULL),(1200,'Expertise',NULL),(1244,'news-feed',''),(1203,'hj',NULL),(1205,'hj',NULL),(1206,'solution-architekt',NULL),(1208,'solution-architekt',NULL),(1209,'IT-Consulting',NULL),(1221,'Administer languages and static translation files',NULL),(1211,'it-consulting',NULL),(1218,'Head of People Operations',NULL),(1219,'Director Sales EMEA (m/w/d)',NULL),(1220,'IT Business Analyst #3439',NULL),(1222,'Languages',NULL),(1223,'Deutsch',''),(1224,'Language Translator',NULL),(1225,'English',NULL),(1243,'lorem-ipsum-dolor-sit-amet-consectetur-adipiscing-elit','');

/*Table structure for table `field_usps_image` */

DROP TABLE IF EXISTS `field_usps_image`;

CREATE TABLE `field_usps_image` (
  `pages_id` int(10) unsigned NOT NULL,
  `data` varchar(250) NOT NULL,
  `sort` int(10) unsigned NOT NULL,
  `description` text NOT NULL,
  `modified` datetime DEFAULT NULL,
  `created` datetime DEFAULT NULL,
  `filedata` mediumtext,
  PRIMARY KEY (`pages_id`,`sort`),
  KEY `data` (`data`),
  KEY `modified` (`modified`),
  KEY `created` (`created`),
  FULLTEXT KEY `description` (`description`),
  FULLTEXT KEY `filedata` (`filedata`)
) ENGINE=MyISAM DEFAULT CHARSET=utf8;

/*Data for the table `field_usps_image` */

/*Table structure for table `fieldgroups` */

DROP TABLE IF EXISTS `fieldgroups`;

CREATE TABLE `fieldgroups` (
  `id` int(10) unsigned NOT NULL AUTO_INCREMENT,
  `name` varchar(250) CHARACTER SET ascii NOT NULL,
  PRIMARY KEY (`id`),
  UNIQUE KEY `name` (`name`)
) ENGINE=MyISAM AUTO_INCREMENT=130 DEFAULT CHARSET=utf8;

/*Data for the table `fieldgroups` */

insert  into `fieldgroups`(`id`,`name`) values (2,'admin'),(3,'user'),(4,'role'),(5,'permission'),(1,'home'),(88,'sitemap'),(83,'basic-page'),(80,'search'),(97,'repeater_header_block'),(98,'repeater_besetzung_block'),(99,'repeater_accordion_block'),(100,'repeater_expertise_cards'),(101,'repeater_offices'),(103,'repeater_job_classify_item'),(105,'job_overview'),(106,'repeater_service_category'),(107,'repeater_job_note'),(108,'job'),(109,'data-policy'),(110,'repeater_policy_rule'),(112,'impressum'),(113,'aboutus'),(114,'repeater_about_notes'),(115,'repeater_status_quo'),(116,'repeater_paltron_news'),(117,'news-feed'),(118,'repeater_news_tabs'),(119,'repeater_news_list'),(120,'news'),(121,'find_job'),(122,'apply-job'),(123,'expertise-level-1'),(124,'repeater_advantages'),(125,'repeater_jobs'),(126,'repeater_sub_expertise'),(127,'expertise-level-2'),(128,'language'),(129,'expertise_list');

/*Table structure for table `fieldgroups_fields` */

DROP TABLE IF EXISTS `fieldgroups_fields`;

CREATE TABLE `fieldgroups_fields` (
  `fieldgroups_id` int(10) unsigned NOT NULL DEFAULT '0',
  `fields_id` int(10) unsigned NOT NULL DEFAULT '0',
  `sort` int(11) unsigned NOT NULL DEFAULT '0',
  `data` text,
  PRIMARY KEY (`fieldgroups_id`,`fields_id`)
) ENGINE=MyISAM DEFAULT CHARSET=utf8;

/*Data for the table `fieldgroups_fields` */

insert  into `fieldgroups_fields`(`fieldgroups_id`,`fields_id`,`sort`,`data`) values (2,1,0,NULL),(3,3,0,NULL),(4,5,0,NULL),(5,1,0,NULL),(1,136,20,NULL),(97,101,2,NULL),(80,1,0,NULL),(97,100,1,NULL),(83,82,4,NULL),(83,1,0,NULL),(88,1,0,NULL),(97,99,0,NULL),(88,79,1,NULL),(83,76,3,NULL),(83,78,1,NULL),(83,79,2,NULL),(3,92,1,NULL),(2,2,1,NULL),(83,44,5,NULL),(98,121,0,NULL),(100,1,1,NULL),(98,122,1,NULL),(98,120,2,NULL),(99,127,1,NULL),(99,126,0,NULL),(1,131,19,NULL),(1,128,18,NULL),(101,134,3,NULL),(101,133,2,NULL),(101,137,1,NULL),(101,132,0,NULL),(1,125,17,NULL),(101,135,4,NULL),(103,146,2,NULL),(103,145,1,NULL),(103,144,0,NULL),(3,4,2,NULL),(100,142,2,'{\"label\":\"Expertise Card Link\",\"maxlength\":2048}'),(1,124,16,NULL),(1,114,15,NULL),(1,123,14,NULL),(1,109,13,NULL),(1,108,12,NULL),(1,107,11,NULL),(1,106,10,NULL),(1,105,9,NULL),(1,104,8,NULL),(1,147,7,NULL),(1,103,6,NULL),(1,101,5,NULL),(1,100,4,NULL),(1,99,3,NULL),(1,79,2,NULL),(1,78,1,NULL),(1,1,0,NULL),(105,103,3,NULL),(106,148,0,NULL),(106,149,1,NULL),(107,151,0,NULL),(107,152,1,NULL),(105,99,1,NULL),(113,182,5,NULL),(108,163,10,'{\"label\":\"Contact Name\"}'),(108,162,9,'{\"label\":\"Contact Image\"}'),(108,161,8,NULL),(108,160,7,NULL),(108,159,6,NULL),(108,1,0,NULL),(108,99,1,NULL),(108,155,2,NULL),(108,156,3,NULL),(108,157,4,NULL),(108,158,5,NULL),(109,79,1,NULL),(110,1,0,NULL),(109,1,0,NULL),(100,130,0,NULL),(109,100,2,NULL),(109,101,3,'{\"label\":\"Data Policy Description\"}'),(109,166,4,NULL),(112,1,0,NULL),(112,100,1,NULL),(112,169,2,NULL),(110,169,1,NULL),(105,153,4,NULL),(113,101,3,NULL),(108,180,15,NULL),(108,169,14,NULL),(108,171,13,NULL),(108,165,12,NULL),(108,164,11,'{\"label\":\"Contact Description\"}'),(113,181,4,NULL),(114,169,0,NULL),(113,183,6,NULL),(115,1,0,NULL),(113,184,7,NULL),(116,44,0,NULL),(116,169,1,NULL),(113,100,2,NULL),(113,99,1,NULL),(113,1,0,NULL),(129,1,0,NULL),(117,1,0,NULL),(118,206,1,NULL),(118,1,0,NULL),(120,1,0,NULL),(119,44,0,NULL),(119,188,1,NULL),(119,1,2,NULL),(119,169,3,NULL),(119,186,4,NULL),(117,99,1,NULL),(117,100,2,NULL),(120,188,8,'{\"label\":\"Posted Date\"}'),(120,203,7,NULL),(120,99,1,NULL),(120,202,2,NULL),(121,100,2,NULL),(121,99,1,NULL),(121,1,0,NULL),(122,100,2,NULL),(122,99,1,NULL),(122,1,0,NULL),(122,147,3,NULL),(123,196,6,NULL),(124,44,0,NULL),(124,169,1,NULL),(123,198,3,'{\"label\":\"Second Button Text\"}'),(123,194,4,NULL),(123,169,5,NULL),(125,1,0,NULL),(125,186,1,NULL),(123,197,7,NULL),(126,186,1,NULL),(126,1,0,NULL),(123,1,0,NULL),(123,99,1,NULL),(123,101,2,NULL),(127,169,5,NULL),(128,1,0,NULL),(127,195,6,NULL),(127,1,0,NULL),(127,99,1,NULL),(127,101,2,NULL),(127,198,3,NULL),(127,194,4,NULL),(128,199,1,NULL),(128,200,2,NULL),(3,98,3,NULL),(3,201,4,NULL),(105,101,2,NULL),(105,1,0,NULL),(117,101,3,NULL),(120,184,6,NULL),(120,204,9,NULL),(120,100,3,NULL),(120,101,4,NULL),(120,169,5,NULL),(117,185,4,NULL),(115,206,1,NULL);

/*Table structure for table `fields` */

DROP TABLE IF EXISTS `fields`;

CREATE TABLE `fields` (
  `id` int(10) unsigned NOT NULL AUTO_INCREMENT,
  `type` varchar(128) CHARACTER SET ascii NOT NULL,
  `name` varchar(250) CHARACTER SET ascii NOT NULL,
  `flags` int(11) NOT NULL DEFAULT '0',
  `label` varchar(250) NOT NULL DEFAULT '',
  `data` text NOT NULL,
  PRIMARY KEY (`id`),
  UNIQUE KEY `name` (`name`),
  KEY `type` (`type`)
) ENGINE=MyISAM AUTO_INCREMENT=207 DEFAULT CHARSET=utf8;

/*Data for the table `fields` */

insert  into `fields`(`id`,`type`,`name`,`flags`,`label`,`data`) values (1,'FieldtypePageTitleLanguage','title',13,'Title','{\"required\":1,\"textformatters\":[\"TextformatterEntities\"],\"size\":0,\"maxlength\":255,\"minlength\":0,\"showCount\":0,\"langBlankInherit\":0}'),(2,'FieldtypeModule','process',25,'Process','{\"description\":\"The process that is executed on this page. Since this is mostly used by ProcessWire internally, it is recommended that you don\'t change the value of this unless adding your own pages in the admin.\",\"collapsed\":1,\"required\":1,\"moduleTypes\":[\"Process\"],\"permanent\":1}'),(3,'FieldtypePassword','pass',24,'Set Password','{\"collapsed\":1,\"size\":50,\"maxlength\":128}'),(5,'FieldtypePage','permissions',24,'Permissions','{\"derefAsPage\":0,\"parent_id\":31,\"labelFieldName\":\"title\",\"inputfield\":\"InputfieldCheckboxes\"}'),(4,'FieldtypePage','roles',24,'Roles','{\"derefAsPage\":0,\"parent_id\":30,\"labelFieldName\":\"name\",\"inputfield\":\"InputfieldCheckboxes\",\"description\":\"User will inherit the permissions assigned to each role. You may assign multiple roles to a user. When accessing a page, the user will only inherit permissions from the roles that are also assigned to the page\'s template.\"}'),(92,'FieldtypeEmail','email',9,'E-Mail Address','{\"size\":70,\"maxlength\":255}'),(82,'FieldtypeTextarea','sidebar',0,'Sidebar','{\"inputfieldClass\":\"InputfieldCKEditor\",\"rows\":5,\"contentType\":1,\"toolbar\":\"Format, Styles, -, Bold, Italic, -, RemoveFormat\\r\\nNumberedList, BulletedList, -, Blockquote\\r\\nPWLink, Unlink, Anchor\\r\\nPWImage, Table, HorizontalRule, SpecialChar\\r\\nPasteText, PasteFromWord\\r\\nScayt, -, Sourcedialog\",\"inlineMode\":0,\"useACF\":1,\"usePurifier\":1,\"toggles\":[2,4,8],\"formatTags\":\"p;h2;h3;h4;h5;h6;pre;address\",\"extraPlugins\":[\"pwimage\",\"pwlink\",\"sourcedialog\"],\"removePlugins\":\"image,magicline\",\"collapsed\":2}'),(44,'FieldtypeImage','images',0,'Images','{\"extensions\":\"gif jpg jpeg png\",\"adminThumbs\":1,\"inputfieldClass\":\"InputfieldImage\",\"maxFiles\":0,\"descriptionRows\":1,\"fileSchema\":6,\"textformatters\":[\"TextformatterEntities\"],\"outputFormat\":1,\"defaultValuePage\":0,\"defaultGrid\":0,\"icon\":\"camera\",\"useTags\":0,\"collapsed\":0,\"gridMode\":\"grid\",\"focusMode\":\"on\",\"resizeServer\":0,\"clientQuality\":90,\"maxReject\":0,\"dimensionsByAspectRatio\":0}'),(79,'FieldtypeTextareaLanguage','summary',1,'Summary','{\"textformatters\":[\"TextformatterEntities\"],\"inputfieldClass\":\"InputfieldCKEditor\",\"collapsed\":2,\"rows\":3,\"contentType\":1,\"minlength\":0,\"maxlength\":0,\"showCount\":0,\"langBlankInherit\":0,\"toolbar\":\"Format, Styles, -, Bold, Italic, -, RemoveFormat\\nNumberedList, BulletedList, -, Blockquote\\nPWLink, Unlink, Anchor\\nPWImage, Table, HorizontalRule, SpecialChar\\nPasteText, PasteFromWord\\nScayt, -, Sourcedialog\",\"inlineMode\":0,\"useACF\":1,\"usePurifier\":1,\"formatTags\":\"p;h1;h2;h3;h4;h5;h6;pre;address\",\"extraPlugins\":[\"pwimage\",\"pwlink\",\"sourcedialog\"],\"removePlugins\":\"image,magicline\"}'),(76,'FieldtypeTextarea','body',0,'Body','{\"inputfieldClass\":\"InputfieldCKEditor\",\"rows\":10,\"contentType\":0,\"toolbar\":\"Format, Styles, -, Bold, Italic, -, RemoveFormat\\nNumberedList, BulletedList, -, Blockquote\\nPWLink, Unlink, Anchor\\nPWImage, Table, HorizontalRule, SpecialChar\\nPasteText, PasteFromWord\\nScayt, -, Sourcedialog\",\"inlineMode\":0,\"useACF\":1,\"usePurifier\":1,\"formatTags\":\"p;h2;h3;h4;h5;h6;pre;address\",\"extraPlugins\":[\"pwimage\",\"pwlink\",\"sourcedialog\"],\"removePlugins\":\"image,magicline\",\"toggles\":[2,4,8],\"collapsed\":0,\"minlength\":0,\"maxlength\":0,\"showCount\":0}'),(78,'FieldtypeTextLanguage','headline',0,'Headline','{\"description\":\"Use this instead of the Title if a longer headline is needed than what you want to appear in navigation.\",\"textformatters\":[\"TextformatterEntities\"],\"collapsed\":2,\"size\":0,\"maxlength\":1024,\"minlength\":0,\"showCount\":0,\"langBlankInherit\":0}'),(98,'FieldtypeModule','admin_theme',8,'Admin Theme','{\"moduleTypes\":[\"AdminTheme\"],\"labelField\":\"title\",\"inputfieldClass\":\"InputfieldRadios\"}'),(99,'FieldtypeImage','header_image',0,'Header Image','{\"extensions\":\"gif jpg jpeg png\",\"maxFiles\":1,\"outputFormat\":0,\"defaultValuePage\":0,\"useTags\":0,\"inputfieldClass\":\"InputfieldImage\",\"descriptionRows\":1,\"gridMode\":\"grid\",\"focusMode\":\"on\",\"resizeServer\":0,\"clientQuality\":90,\"maxReject\":0,\"dimensionsByAspectRatio\":0,\"fileSchema\":6}'),(100,'FieldtypeTextLanguage','header_title',0,'Header Title','{\"minlength\":0,\"maxlength\":2048,\"showCount\":0,\"size\":0,\"langBlankInherit\":0}'),(101,'FieldtypeTextareaLanguage','header_description',0,'Header Description','{\"minlength\":0,\"maxlength\":2048,\"showCount\":0,\"size\":0,\"inputfieldClass\":\"InputfieldCKEditor\",\"contentType\":1,\"rows\":5,\"toolbar\":\"Format, Styles, -, Bold, Italic, -, RemoveFormat\\nNumberedList, BulletedList, -, Blockquote\\nPWLink, Unlink, Anchor\\nPWImage, Table, HorizontalRule, SpecialChar\\nPasteText, PasteFromWord\\nScayt, -, Sourcedialog\",\"inlineMode\":0,\"useACF\":1,\"usePurifier\":1,\"formatTags\":\"p;h1;h2;h3;h4;h5;h6;pre;address\",\"extraPlugins\":[\"pwimage\",\"pwlink\",\"sourcedialog\"],\"removePlugins\":\"image,magicline\",\"langBlankInherit\":0}'),(103,'FieldtypeImage','partners_image',0,'Partners Image','{\"description\":\"partners carousel\",\"extensions\":\"gif jpg jpeg png\",\"maxFiles\":0,\"outputFormat\":0,\"defaultValuePage\":0,\"useTags\":0,\"inputfieldClass\":\"InputfieldImage\",\"descriptionRows\":1,\"gridMode\":\"grid\",\"focusMode\":\"on\",\"resizeServer\":0,\"clientQuality\":90,\"maxReject\":0,\"dimensionsByAspectRatio\":0,\"fileSchema\":6,\"collapsed\":0}'),(104,'FieldtypeImage','find_job_image',0,'Find Job Image','{\"extensions\":\"gif jpg jpeg png\",\"maxFiles\":1,\"outputFormat\":0,\"defaultValuePage\":0,\"useTags\":0,\"inputfieldClass\":\"InputfieldImage\",\"descriptionRows\":1,\"gridMode\":\"grid\",\"focusMode\":\"on\",\"resizeServer\":0,\"clientQuality\":90,\"maxReject\":0,\"dimensionsByAspectRatio\":0,\"fileSchema\":6}'),(105,'FieldtypeTextLanguage','find_job_title',0,'Find Job Title','{\"minlength\":0,\"maxlength\":2048,\"showCount\":0,\"size\":0,\"langBlankInherit\":0}'),(106,'FieldtypeTextareaLanguage','find_job_description',0,'Find Job Description','{\"minlength\":0,\"maxlength\":2048,\"showCount\":0,\"size\":0,\"inputfieldClass\":\"InputfieldCKEditor\",\"contentType\":1,\"rows\":5,\"toolbar\":\"Format, Styles, -, Bold, Italic, -, RemoveFormat\\nNumberedList, BulletedList, -, Blockquote\\nPWLink, Unlink, Anchor\\nPWImage, Table, HorizontalRule, SpecialChar\\nPasteText, PasteFromWord\\nScayt, -, Sourcedialog\",\"inlineMode\":0,\"useACF\":1,\"usePurifier\":1,\"formatTags\":\"p;h1;h2;h3;h4;h5;h6;pre;address\",\"extraPlugins\":[\"pwimage\",\"pwlink\",\"sourcedialog\"],\"removePlugins\":\"image,magicline\",\"langBlankInherit\":0}'),(107,'FieldtypeImage','about_image',0,'About Image','{\"extensions\":\"gif jpg jpeg png\",\"maxFiles\":1,\"outputFormat\":0,\"defaultValuePage\":0,\"useTags\":0,\"inputfieldClass\":\"InputfieldImage\",\"descriptionRows\":1,\"gridMode\":\"grid\",\"focusMode\":\"on\",\"resizeServer\":0,\"clientQuality\":90,\"maxReject\":0,\"dimensionsByAspectRatio\":0,\"fileSchema\":6}'),(108,'FieldtypeTextLanguage','about_title',0,'About Title','{\"minlength\":0,\"maxlength\":2048,\"showCount\":0,\"size\":0,\"langBlankInherit\":0}'),(109,'FieldtypeTextareaLanguage','about_description',0,'About Description','{\"minlength\":0,\"maxlength\":2048,\"showCount\":0,\"size\":0,\"inputfieldClass\":\"InputfieldCKEditor\",\"contentType\":1,\"rows\":5,\"toolbar\":\"Format, Styles, -, Bold, Italic, -, RemoveFormat\\nNumberedList, BulletedList, -, Blockquote\\nPWLink, Unlink, Anchor\\nPWImage, Table, HorizontalRule, SpecialChar\\nPasteText, PasteFromWord\\nScayt, -, Sourcedialog\",\"inlineMode\":0,\"useACF\":1,\"usePurifier\":1,\"formatTags\":\"p;h1;h2;h3;h4;h5;h6;pre;address\",\"extraPlugins\":[\"pwimage\",\"pwlink\",\"sourcedialog\"],\"removePlugins\":\"image,magicline\",\"langBlankInherit\":0}'),(114,'FieldtypeImage','cta_image',0,'CTA Image','{\"extensions\":\"gif jpg jpeg png\",\"maxFiles\":1,\"outputFormat\":0,\"defaultValuePage\":0,\"useTags\":0,\"inputfieldClass\":\"InputfieldImage\",\"descriptionRows\":1,\"gridMode\":\"grid\",\"focusMode\":\"on\",\"resizeServer\":0,\"clientQuality\":90,\"maxReject\":0,\"dimensionsByAspectRatio\":0,\"fileSchema\":6}'),(121,'FieldtypeTextLanguage','besetzung_title',0,'Besetzung Title','{\"minlength\":0,\"maxlength\":2048,\"showCount\":0,\"size\":0,\"langBlankInherit\":0}'),(119,'FieldtypeRepeater','header_block',0,'Header Block','{\"template_id\":43,\"parent_id\":1015,\"repeaterFields\":[99,100,101],\"repeaterCollapse\":0,\"repeaterLoading\":1,\"collapsed\":0}'),(120,'FieldtypeImage','besetzung_image',0,'Besetzung Image','{\"extensions\":\"gif jpg jpeg png\",\"maxFiles\":1,\"outputFormat\":0,\"defaultValuePage\":0,\"useTags\":0,\"inputfieldClass\":\"InputfieldImage\",\"descriptionRows\":1,\"gridMode\":\"grid\",\"focusMode\":\"on\",\"resizeServer\":0,\"clientQuality\":90,\"maxReject\":0,\"dimensionsByAspectRatio\":0,\"fileSchema\":6}'),(122,'FieldtypeTextareaLanguage','besetzung_description',0,'Besetzung Description','{\"inputfieldClass\":\"InputfieldCKEditor\",\"contentType\":1,\"minlength\":0,\"maxlength\":0,\"showCount\":0,\"rows\":5,\"toolbar\":\"Format, Styles, -, Bold, Italic, -, RemoveFormat\\nNumberedList, BulletedList, -, Blockquote\\nPWLink, Unlink, Anchor\\nPWImage, Table, HorizontalRule, SpecialChar\\nPasteText, PasteFromWord\\nScayt, -, Sourcedialog\",\"inlineMode\":0,\"useACF\":1,\"usePurifier\":1,\"formatTags\":\"p;h1;h2;h3;h4;h5;h6;pre;address\",\"extraPlugins\":[\"pwimage\",\"pwlink\",\"sourcedialog\"],\"removePlugins\":\"image,magicline\",\"langBlankInherit\":0}'),(123,'FieldtypeRepeater','besetzung_block',0,'Besetzung Block','{\"template_id\":44,\"parent_id\":1018,\"repeaterFields\":[121,122,120],\"repeaterCollapse\":0,\"repeaterLoading\":1,\"collapsed\":0}'),(124,'FieldtypeTextLanguage','faq_title',0,'FAQ Title','{\"minlength\":0,\"maxlength\":2048,\"showCount\":0,\"size\":0,\"langBlankInherit\":0}'),(125,'FieldtypeTextareaLanguage','faq_description',0,'FAQ Description','{\"inputfieldClass\":\"InputfieldCKEditor\",\"contentType\":1,\"minlength\":0,\"maxlength\":0,\"showCount\":0,\"rows\":5,\"toolbar\":\"Format, Styles, -, Bold, Italic, -, RemoveFormat\\nNumberedList, BulletedList, -, Blockquote\\nPWLink, Unlink, Anchor\\nPWImage, Table, HorizontalRule, SpecialChar\\nPasteText, PasteFromWord\\nScayt, -, Sourcedialog\",\"inlineMode\":0,\"useACF\":1,\"usePurifier\":1,\"formatTags\":\"p;h1;h2;h3;h4;h5;h6;pre;address\",\"extraPlugins\":[\"pwimage\",\"pwlink\",\"sourcedialog\"],\"removePlugins\":\"image,magicline\",\"langBlankInherit\":0}'),(126,'FieldtypeTextLanguage','accordion_header',0,'Accordion Header','{\"minlength\":0,\"maxlength\":2048,\"showCount\":0,\"size\":0,\"langBlankInherit\":0}'),(127,'FieldtypeTextareaLanguage','accordion_panel',0,'Accordion Panel','{\"inputfieldClass\":\"InputfieldCKEditor\",\"contentType\":0,\"minlength\":0,\"maxlength\":0,\"showCount\":0,\"rows\":5,\"toolbar\":\"Format, Styles, -, Bold, Italic, -, RemoveFormat\\nNumberedList, BulletedList, -, Blockquote\\nPWLink, Unlink, Anchor\\nPWImage, Table, HorizontalRule, SpecialChar\\nPasteText, PasteFromWord\\nScayt, -, Sourcedialog\",\"inlineMode\":0,\"useACF\":1,\"usePurifier\":1,\"formatTags\":\"p;h1;h2;h3;h4;h5;h6;pre;address\",\"extraPlugins\":[\"pwimage\",\"pwlink\",\"sourcedialog\"],\"removePlugins\":\"image,magicline\",\"size\":0,\"langBlankInherit\":0}'),(128,'FieldtypeRepeater','accordion_block',0,'Accordion Block','{\"template_id\":45,\"parent_id\":1023,\"repeaterFields\":[126,127],\"repeaterCollapse\":0,\"repeaterLoading\":1,\"collapsed\":0}'),(129,'FieldtypeTextLanguage','expertise_card_title',0,'Expertise Card Title','{\"minlength\":0,\"maxlength\":2048,\"showCount\":0,\"size\":0,\"langBlankInherit\":0}'),(130,'FieldtypeImage','expertise_card_image',0,'Expertise Card Image','{\"fileSchema\":6,\"extensions\":\"gif jpg jpeg png\",\"maxFiles\":1,\"outputFormat\":0,\"defaultValuePage\":0,\"useTags\":0,\"inputfieldClass\":\"InputfieldImage\",\"collapsed\":0,\"descriptionRows\":1,\"gridMode\":\"grid\",\"focusMode\":\"on\",\"resizeServer\":0,\"clientQuality\":90,\"maxReject\":0,\"dimensionsByAspectRatio\":0,\"textformatters\":[\"TextformatterEntities\"]}'),(131,'FieldtypeRepeater','expertise_cards',0,'Expertise Cards','{\"template_id\":46,\"parent_id\":1028,\"repeaterFields\":[130,1,142],\"repeaterCollapse\":0,\"repeaterLoading\":1,\"collapsed\":0}'),(132,'FieldtypeImage','office_image',0,'Office Image','{\"extensions\":\"gif jpg jpeg png\",\"maxFiles\":1,\"outputFormat\":0,\"defaultValuePage\":0,\"useTags\":0,\"inputfieldClass\":\"InputfieldImage\",\"descriptionRows\":1,\"gridMode\":\"grid\",\"focusMode\":\"on\",\"resizeServer\":0,\"clientQuality\":90,\"maxReject\":0,\"dimensionsByAspectRatio\":0,\"fileSchema\":6}'),(133,'FieldtypeTextarea','office_address',0,'Office Address','{\"inputfieldClass\":\"InputfieldTextarea\",\"contentType\":0,\"minlength\":0,\"maxlength\":0,\"showCount\":0,\"rows\":5,\"toolbar\":\"Format, Styles, -, Bold, Italic, -, RemoveFormat\\nNumberedList, BulletedList, -, Blockquote\\nPWLink, Unlink, Anchor\\nPWImage, Table, HorizontalRule, SpecialChar\\nPasteText, PasteFromWord\\nScayt, -, Sourcedialog\",\"inlineMode\":0,\"useACF\":1,\"usePurifier\":1,\"formatTags\":\"p;h1;h2;h3;h4;h5;h6;pre;address\",\"extraPlugins\":[\"pwimage\",\"pwlink\",\"sourcedialog\"],\"removePlugins\":\"image,magicline\",\"langBlankInherit\":0}'),(134,'FieldtypeText','office_phone_number',0,'Office Phone Number',''),(135,'FieldtypeText','office_email',0,'office_email','{\"collapsed\":0,\"minlength\":0,\"maxlength\":2048,\"showCount\":0,\"size\":0}'),(136,'FieldtypeRepeater','offices',0,'Offices','{\"template_id\":47,\"parent_id\":1055,\"repeaterFields\":[132,137,133,134,135],\"repeaterCollapse\":0,\"repeaterLoading\":1,\"collapsed\":0}'),(137,'FieldtypeText','office_city',0,'Office City','{\"minlength\":0,\"maxlength\":2048,\"showCount\":0,\"size\":0,\"langBlankInherit\":0}'),(145,'FieldtypeTextLanguage','job_classify_title',0,'Job Classify Title','{\"minlength\":0,\"maxlength\":2048,\"showCount\":0,\"size\":0}'),(146,'FieldtypeTextareaLanguage','job_classify_content',0,'Job Classify Content','{\"inputfieldClass\":\"InputfieldCKEditor\",\"contentType\":1,\"minlength\":0,\"maxlength\":0,\"showCount\":0,\"rows\":5,\"toolbar\":\"Format, Styles, -, Bold, Italic, -, RemoveFormat\\nNumberedList, BulletedList, -, Blockquote\\nPWLink, Unlink, Anchor\\nPWImage, Table, HorizontalRule, SpecialChar\\nPasteText, PasteFromWord\\nScayt, -, Sourcedialog\",\"inlineMode\":0,\"useACF\":1,\"usePurifier\":1,\"formatTags\":\"p;h1;h2;h3;h4;h5;h6;pre;address\",\"extraPlugins\":[\"pwimage\",\"pwlink\",\"sourcedialog\"],\"removePlugins\":\"image,magicline\"}'),(147,'FieldtypeRepeater','job_classify_item',0,'Job Classify Item','{\"template_id\":49,\"parent_id\":1089,\"repeaterFields\":[144,145,146],\"repeaterCollapse\":0,\"repeaterLoading\":1,\"collapsed\":0}'),(142,'FieldtypeText','expertise_card_link',0,'Expertise Card Link','{\"collapsed\":0,\"minlength\":0,\"maxlength\":2048,\"showCount\":0,\"size\":0}'),(143,'FieldtypeImage','usps_image',0,'USPs image','{\"extensions\":\"gif jpg jpeg png\",\"maxFiles\":1,\"outputFormat\":0,\"defaultValuePage\":0,\"useTags\":0,\"inputfieldClass\":\"InputfieldImage\",\"descriptionRows\":1,\"gridMode\":\"grid\",\"focusMode\":\"on\",\"resizeServer\":0,\"clientQuality\":90,\"maxReject\":0,\"dimensionsByAspectRatio\":0,\"fileSchema\":6}'),(144,'FieldtypeImage','job_classify_image',0,'Job Classify Image','{\"extensions\":\"gif jpg jpeg png\",\"maxFiles\":1,\"outputFormat\":0,\"defaultValuePage\":0,\"useTags\":0,\"inputfieldClass\":\"InputfieldImage\",\"descriptionRows\":1,\"gridMode\":\"grid\",\"focusMode\":\"on\",\"resizeServer\":0,\"clientQuality\":90,\"maxReject\":0,\"dimensionsByAspectRatio\":0,\"fileSchema\":6}'),(148,'FieldtypeImage','service_category_image',0,'Service Category Image','{\"extensions\":\"gif jpg jpeg png\",\"maxFiles\":1,\"outputFormat\":0,\"defaultValuePage\":0,\"useTags\":0,\"inputfieldClass\":\"InputfieldImage\",\"descriptionRows\":1,\"gridMode\":\"grid\",\"focusMode\":\"on\",\"resizeServer\":0,\"clientQuality\":90,\"maxReject\":0,\"dimensionsByAspectRatio\":0,\"fileSchema\":6}'),(149,'FieldtypeTextLanguage','service_category_description',0,'Service Category Description','{\"minlength\":0,\"maxlength\":2048,\"showCount\":0,\"size\":0}'),(150,'FieldtypeRepeater','service_category',0,'Service Category','{\"template_id\":52,\"parent_id\":1096,\"repeaterFields\":[148,149],\"repeaterCollapse\":0,\"repeaterLoading\":1,\"collapsed\":0}'),(151,'FieldtypeTextLanguage','job_note_title',0,'Job Note Title','{\"minlength\":0,\"maxlength\":2048,\"showCount\":0,\"size\":0}'),(152,'FieldtypeTextLanguage','job_note_description',0,'Job Note Description','{\"minlength\":0,\"maxlength\":2048,\"showCount\":0,\"size\":0}'),(153,'FieldtypeRepeater','job_note',0,'Job Note','{\"template_id\":53,\"parent_id\":1097,\"repeaterFields\":[151,152],\"repeaterCollapse\":0,\"repeaterLoading\":1,\"collapsed\":0}'),(154,'FieldtypeTextLanguage','job_title',0,'Job Title','{\"minlength\":0,\"maxlength\":2048,\"showCount\":0,\"size\":0}'),(155,'FieldtypeTextLanguage','job_consectetur',0,'Job Consectetur','{\"minlength\":0,\"maxlength\":2048,\"showCount\":0,\"size\":0}'),(156,'FieldtypeTextLanguage','job_eiusmod',0,'Job Eiusmod','{\"minlength\":0,\"maxlength\":2048,\"showCount\":0,\"size\":0}'),(157,'FieldtypeTextLanguage','job_tempor',0,'Job Tempor','{\"minlength\":0,\"maxlength\":2048,\"showCount\":0,\"size\":0,\"langBlankInherit\":0,\"collapsed\":0}'),(158,'FieldtypeTextLanguage','job_summary',0,'Job Summary','{\"minlength\":0,\"maxlength\":2048,\"showCount\":0,\"size\":0}'),(159,'FieldtypeTextareaLanguage','job_obligation',0,'Job Obligation','{\"inputfieldClass\":\"InputfieldCKEditor\",\"contentType\":1,\"minlength\":0,\"maxlength\":0,\"showCount\":0,\"rows\":5,\"toolbar\":\"Format, Styles, -, Bold, Italic, -, RemoveFormat\\nNumberedList, BulletedList, -, Blockquote\\nPWLink, Unlink, Anchor\\nPWImage, Table, HorizontalRule, SpecialChar\\nPasteText, PasteFromWord\\nScayt, -, Sourcedialog\",\"inlineMode\":0,\"useACF\":1,\"usePurifier\":1,\"formatTags\":\"p;h1;h2;h3;h4;h5;h6;pre;address\",\"extraPlugins\":[\"pwimage\",\"pwlink\",\"sourcedialog\"],\"removePlugins\":\"image,magicline\"}'),(160,'FieldtypeTextareaLanguage','job_profit',0,'Job Profit','{\"inputfieldClass\":\"InputfieldCKEditor\",\"contentType\":1,\"minlength\":0,\"maxlength\":0,\"showCount\":0,\"rows\":5,\"toolbar\":\"Format, Styles, -, Bold, Italic, -, RemoveFormat\\nNumberedList, BulletedList, -, Blockquote\\nPWLink, Unlink, Anchor\\nPWImage, Table, HorizontalRule, SpecialChar\\nPasteText, PasteFromWord\\nScayt, -, Sourcedialog\",\"inlineMode\":0,\"useACF\":1,\"usePurifier\":1,\"formatTags\":\"p;h1;h2;h3;h4;h5;h6;pre;address\",\"extraPlugins\":[\"pwimage\",\"pwlink\",\"sourcedialog\"],\"removePlugins\":\"image,magicline\"}'),(161,'FieldtypeTextareaLanguage','job_benefit',0,'Job Benefit','{\"inputfieldClass\":\"InputfieldCKEditor\",\"contentType\":1,\"minlength\":0,\"maxlength\":0,\"showCount\":0,\"rows\":5,\"toolbar\":\"Format, Styles, -, Bold, Italic, -, RemoveFormat\\nNumberedList, BulletedList, -, Blockquote\\nPWLink, Unlink, Anchor\\nPWImage, Table, HorizontalRule, SpecialChar\\nPasteText, PasteFromWord\\nScayt, -, Sourcedialog\",\"inlineMode\":0,\"useACF\":1,\"usePurifier\":1,\"formatTags\":\"p;h1;h2;h3;h4;h5;h6;pre;address\",\"extraPlugins\":[\"pwimage\",\"pwlink\",\"sourcedialog\"],\"removePlugins\":\"image,magicline\"}'),(162,'FieldtypeImage','contact_image',0,'Contact Person Image','{\"extensions\":\"gif jpg jpeg png\",\"maxFiles\":1,\"outputFormat\":0,\"defaultValuePage\":0,\"useTags\":0,\"inputfieldClass\":\"InputfieldImage\",\"descriptionRows\":1,\"gridMode\":\"grid\",\"focusMode\":\"on\",\"resizeServer\":0,\"clientQuality\":90,\"maxReject\":0,\"dimensionsByAspectRatio\":0,\"fileSchema\":6,\"collapsed\":0}'),(163,'FieldtypeText','contact_name',0,'Contact Person Name','{\"collapsed\":0,\"minlength\":0,\"maxlength\":2048,\"showCount\":0,\"size\":0}'),(164,'FieldtypeTextareaLanguage','contact_description',0,'Contact Person Description','{\"inputfieldClass\":\"InputfieldCKEditor\",\"contentType\":1,\"minlength\":0,\"maxlength\":0,\"showCount\":0,\"rows\":5,\"toolbar\":\"Format, Styles, -, Bold, Italic, -, RemoveFormat\\nNumberedList, BulletedList, -, Blockquote\\nPWLink, Unlink, Anchor\\nPWImage, Table, HorizontalRule, SpecialChar\\nPasteText, PasteFromWord\\nScayt, -, Sourcedialog\",\"inlineMode\":0,\"useACF\":1,\"usePurifier\":1,\"formatTags\":\"p;h1;h2;h3;h4;h5;h6;pre;address\",\"extraPlugins\":[\"pwimage\",\"pwlink\",\"sourcedialog\"],\"removePlugins\":\"image,magicline\"}'),(165,'FieldtypeMapMarker','location',0,'Location','{\"schemaVersion\":1,\"collapsed\":0,\"defaultAddr\":\"Castaway Cay\",\"defaultType\":\"ROADMAP\",\"height\":145,\"defaultZoom\":12}'),(166,'FieldtypeRepeater','policy_rule',0,'Policy Rule','{\"template_id\":56,\"parent_id\":1100,\"repeaterFields\":[1,169],\"repeaterCollapse\":0,\"repeaterLoading\":1,\"collapsed\":0}'),(181,'FieldtypeRepeater','about_notes',0,'About Notes','{\"template_id\":60,\"parent_id\":1131,\"repeaterFields\":[169],\"repeaterCollapse\":0,\"repeaterLoading\":1,\"collapsed\":0}'),(180,'FieldtypeFloat','rating',0,'Rating','{\"precision\":2,\"zeroNotEmpty\":0,\"collapsed\":0,\"inputType\":\"text\",\"size\":10}'),(169,'FieldtypeTextareaLanguage','content_text',0,'Content Text','{\"inputfieldClass\":\"InputfieldCKEditor\",\"contentType\":1,\"minlength\":0,\"maxlength\":0,\"showCount\":0,\"rows\":5,\"toolbar\":\"Format, Styles, -, Bold, Italic, -, RemoveFormat\\nNumberedList, BulletedList, -, Blockquote\\nPWLink, Unlink, Anchor\\nPWImage, Table, HorizontalRule, SpecialChar\\nPasteText, PasteFromWord\\nScayt, -, Sourcedialog\",\"inlineMode\":0,\"useACF\":1,\"usePurifier\":1,\"formatTags\":\"p;h1;h2;h3;h4;h5;h6;pre;address\",\"extraPlugins\":[\"pwimage\",\"pwlink\",\"sourcedialog\"],\"removePlugins\":\"image,magicline\",\"langBlankInherit\":0,\"collapsed\":0}'),(171,'FieldtypeImage','careerteam_image',0,'CAREERTEAM Image','{\"extensions\":\"gif jpg jpeg png\",\"maxFiles\":1,\"outputFormat\":0,\"defaultValuePage\":0,\"useTags\":0,\"inputfieldClass\":\"InputfieldImage\",\"descriptionRows\":1,\"gridMode\":\"grid\",\"focusMode\":\"on\",\"resizeServer\":0,\"clientQuality\":90,\"maxReject\":0,\"dimensionsByAspectRatio\":0,\"fileSchema\":6}'),(182,'FieldtypeTextareaLanguage','success_story',0,'Success Story','{\"inputfieldClass\":\"InputfieldCKEditor\",\"contentType\":1,\"minlength\":0,\"maxlength\":0,\"showCount\":0,\"rows\":5,\"toolbar\":\"Format, Styles, -, Bold, Italic, -, RemoveFormat\\nNumberedList, BulletedList, -, Blockquote\\nPWLink, Unlink, Anchor\\nPWImage, Table, HorizontalRule, SpecialChar\\nPasteText, PasteFromWord\\nScayt, -, Sourcedialog\",\"inlineMode\":0,\"useACF\":1,\"usePurifier\":1,\"formatTags\":\"p;h1;h2;h3;h4;h5;h6;pre;address\",\"extraPlugins\":[\"pwimage\",\"pwlink\",\"sourcedialog\"],\"removePlugins\":\"image,magicline\"}'),(183,'FieldtypeRepeater','status_quo',0,'Status Quo','{\"template_id\":61,\"parent_id\":1136,\"repeaterFields\":{\"1\":1,\"2\":206},\"repeaterCollapse\":0,\"repeaterLoading\":1,\"collapsed\":0}'),(184,'FieldtypeRepeater','paltron_news',0,'PALTRON News','{\"template_id\":62,\"parent_id\":1142,\"repeaterFields\":[44,169],\"repeaterCollapse\":0,\"repeaterLoading\":1,\"collapsed\":0}'),(185,'FieldtypeRepeater','news_tabs',0,'News Tabs','{\"template_id\":64,\"parent_id\":1147,\"repeaterFields\":{\"1\":1,\"3\":206},\"repeaterCollapse\":0,\"repeaterLoading\":1,\"collapsed\":0}'),(186,'FieldtypeText','link_url',0,'Link Url',''),(187,'FieldtypeRepeater','news_list',0,'News List','{\"template_id\":65,\"parent_id\":1159,\"repeaterFields\":[44,188,1,169,186],\"repeaterCollapse\":0,\"repeaterLoading\":1,\"collapsed\":0}'),(188,'FieldtypeDatetime','date',0,'Date','{\"minlength\":0,\"maxlength\":2048,\"showCount\":0,\"size\":0,\"dateOutputFormat\":\"j. F Y\",\"collapsed\":0,\"datepicker\":0,\"timeInputSelect\":0,\"dateInputFormat\":\"Y-m-d\",\"defaultToday\":1}'),(189,'FieldtypeTextareaLanguage','news_post_info',0,'News Post Info','{\"inputfieldClass\":\"InputfieldCKEditor\",\"contentType\":1,\"minlength\":0,\"maxlength\":0,\"showCount\":0,\"rows\":5,\"toolbar\":\"Format, Styles, -, Bold, Italic, -, RemoveFormat\\nNumberedList, BulletedList, -, Blockquote\\nPWLink, Unlink, Anchor\\nPWImage, Table, HorizontalRule, SpecialChar\\nPasteText, PasteFromWord\\nScayt, -, Sourcedialog\",\"inlineMode\":0,\"useACF\":1,\"usePurifier\":1,\"formatTags\":\"p;h1;h2;h3;h4;h5;h6;pre;address\",\"extraPlugins\":[\"pwimage\",\"pwlink\",\"sourcedialog\"],\"removePlugins\":\"image,magicline\"}'),(190,'FieldtypeTextLanguage','contact_role',0,'Contact Role','{\"minlength\":0,\"maxlength\":2048,\"showCount\":0,\"size\":0}'),(191,'FieldtypeText','contact_phone',0,'Contact Phone',''),(192,'FieldtypeText','contact_email',0,'Contact Email','{\"collapsed\":0,\"minlength\":0,\"maxlength\":2048,\"showCount\":0,\"size\":0}'),(193,'FieldtypeRepeater','advantages',0,'Advantages','{\"template_id\":70,\"parent_id\":1182,\"repeaterFields\":[44,169],\"repeaterCollapse\":0,\"repeaterLoading\":1,\"collapsed\":0}'),(194,'FieldtypeTextareaLanguage','expertise_description',0,'Expertise Description','{\"inputfieldClass\":\"InputfieldCKEditor\",\"contentType\":1,\"minlength\":0,\"maxlength\":0,\"showCount\":0,\"rows\":5,\"toolbar\":\"Format, Styles, -, Bold, Italic, -, RemoveFormat\\nNumberedList, BulletedList, -, Blockquote\\nPWLink, Unlink, Anchor\\nPWImage, Table, HorizontalRule, SpecialChar\\nPasteText, PasteFromWord\\nScayt, -, Sourcedialog\",\"inlineMode\":0,\"useACF\":1,\"usePurifier\":1,\"formatTags\":\"p;h1;h2;h3;h4;h5;h6;pre;address\",\"extraPlugins\":[\"pwimage\",\"pwlink\",\"sourcedialog\"],\"removePlugins\":\"image,magicline\"}'),(195,'FieldtypeRepeater','jobs',0,'Jobs','{\"template_id\":71,\"parent_id\":1190,\"repeaterFields\":[1,186],\"repeaterCollapse\":0,\"repeaterLoading\":1,\"collapsed\":0}'),(196,'FieldtypeTextLanguage','learn_more_title',0,'Learn More Title','{\"minlength\":0,\"maxlength\":2048,\"showCount\":0,\"size\":0}'),(197,'FieldtypeRepeater','sub_expertise',0,'Sub Expertise Categories','{\"template_id\":72,\"parent_id\":1195,\"repeaterFields\":[1,186],\"repeaterCollapse\":0,\"repeaterLoading\":1,\"collapsed\":0}'),(198,'FieldtypeTextLanguage','btn_text',0,'Button Text','{\"minlength\":0,\"maxlength\":2048,\"showCount\":0,\"size\":0}'),(199,'FieldtypeFile','language_files_site',24,'Site Translation Files','{\"extensions\":\"json csv\",\"maxFiles\":0,\"inputfieldClass\":\"InputfieldFile\",\"unzip\":1,\"description\":\"Use this field for translations specific to your site (like files in \\/site\\/templates\\/ for example).\",\"descriptionRows\":0,\"fileSchema\":6}'),(200,'FieldtypeFile','language_files',24,'Core Translation Files','{\"extensions\":\"json csv\",\"maxFiles\":0,\"inputfieldClass\":\"InputfieldFile\",\"unzip\":1,\"description\":\"Use this field for [language packs](http:\\/\\/modules.processwire.com\\/categories\\/language-pack\\/). To delete all files, double-click the trash can for any file, then save.\",\"descriptionRows\":0,\"fileSchema\":6}'),(201,'FieldtypePage','language',24,'Language','{\"derefAsPage\":1,\"parent_id\":1222,\"labelFieldName\":\"title\",\"inputfield\":\"InputfieldRadios\",\"required\":1}'),(202,'FieldtypeImage','list_image',0,'Medium Size Image','{\"extensions\":\"gif jpg jpeg png\",\"maxFiles\":1,\"outputFormat\":0,\"defaultValuePage\":0,\"useTags\":0,\"inputfieldClass\":\"InputfieldImage\",\"descriptionRows\":1,\"gridMode\":\"grid\",\"focusMode\":\"on\",\"resizeServer\":0,\"clientQuality\":90,\"maxReject\":0,\"dimensionsByAspectRatio\":0,\"fileSchema\":6}'),(203,'FieldtypeText','author',0,'Author',''),(204,'FieldtypeText','news_summary',0,'News Summary',''),(206,'FieldtypeImage','image',0,'Single Image','{\"extensions\":\"gif jpg jpeg png\",\"maxFiles\":1,\"outputFormat\":0,\"defaultValuePage\":0,\"useTags\":0,\"inputfieldClass\":\"InputfieldImage\",\"descriptionRows\":1,\"gridMode\":\"grid\",\"focusMode\":\"on\",\"resizeServer\":0,\"clientQuality\":90,\"maxReject\":0,\"dimensionsByAspectRatio\":0,\"fileSchema\":6}');

/*Table structure for table `modules` */

DROP TABLE IF EXISTS `modules`;

CREATE TABLE `modules` (
  `id` int(10) unsigned NOT NULL AUTO_INCREMENT,
  `class` varchar(128) CHARACTER SET ascii NOT NULL,
  `flags` int(11) NOT NULL DEFAULT '0',
  `data` text NOT NULL,
  `created` timestamp NOT NULL DEFAULT CURRENT_TIMESTAMP,
  PRIMARY KEY (`id`),
  UNIQUE KEY `class` (`class`)
) ENGINE=MyISAM AUTO_INCREMENT=199 DEFAULT CHARSET=utf8;

/*Data for the table `modules` */

insert  into `modules`(`id`,`class`,`flags`,`data`,`created`) values (1,'FieldtypeTextarea',0,'','2019-06-06 23:07:14'),(2,'FieldtypeNumber',0,'','2019-06-06 23:07:14'),(3,'FieldtypeText',0,'','2019-06-06 23:07:14'),(4,'FieldtypePage',0,'','2019-06-06 23:07:14'),(30,'InputfieldForm',0,'','2019-06-06 23:07:14'),(6,'FieldtypeFile',0,'','2019-06-06 23:07:14'),(7,'ProcessPageEdit',1,'','2019-06-06 23:07:14'),(10,'ProcessLogin',0,'','2019-06-06 23:07:14'),(12,'ProcessPageList',0,'{\"pageLabelField\":\"title\",\"paginationLimit\":25,\"limit\":50}','2019-06-06 23:07:14'),(121,'ProcessPageEditLink',1,'','2019-06-06 23:07:14'),(14,'ProcessPageSort',0,'','2019-06-06 23:07:14'),(15,'InputfieldPageListSelect',0,'','2019-06-06 23:07:14'),(117,'JqueryUI',1,'','2019-06-06 23:07:14'),(17,'ProcessPageAdd',0,'{\"bookmarks\":{\"_0\":[1128,1200]}}','2019-06-06 23:07:14'),(125,'SessionLoginThrottle',11,'','2019-06-06 23:07:14'),(122,'InputfieldPassword',0,'','2019-06-06 23:07:14'),(25,'InputfieldAsmSelect',0,'','2019-06-06 23:07:14'),(116,'JqueryCore',1,'','2019-06-06 23:07:14'),(27,'FieldtypeModule',0,'','2019-06-06 23:07:14'),(28,'FieldtypeDatetime',0,'','2019-06-06 23:07:14'),(29,'FieldtypeEmail',0,'','2019-06-06 23:07:14'),(108,'InputfieldURL',0,'','2019-06-06 23:07:14'),(32,'InputfieldSubmit',0,'','2019-06-06 23:07:14'),(33,'InputfieldWrapper',0,'','2019-06-06 23:07:14'),(34,'InputfieldText',0,'','2019-06-06 23:07:14'),(35,'InputfieldTextarea',0,'','2019-06-06 23:07:14'),(36,'InputfieldSelect',0,'','2019-06-06 23:07:14'),(37,'InputfieldCheckbox',0,'','2019-06-06 23:07:14'),(38,'InputfieldCheckboxes',0,'','2019-06-06 23:07:14'),(39,'InputfieldRadios',0,'','2019-06-06 23:07:14'),(40,'InputfieldHidden',0,'','2019-06-06 23:07:14'),(41,'InputfieldName',0,'','2019-06-06 23:07:14'),(43,'InputfieldSelectMultiple',0,'','2019-06-06 23:07:14'),(45,'JqueryWireTabs',0,'','2019-06-06 23:07:14'),(46,'ProcessPage',0,'','2019-06-06 23:07:14'),(47,'ProcessTemplate',0,'','2019-06-06 23:07:14'),(48,'ProcessField',32,'','2019-06-06 23:07:14'),(50,'ProcessModule',0,'','2019-06-06 23:07:14'),(114,'PagePermissions',3,'','2019-06-06 23:07:14'),(97,'FieldtypeCheckbox',1,'','2019-06-06 23:07:14'),(115,'PageRender',3,'{\"clearCache\":1}','2019-06-06 23:07:14'),(55,'InputfieldFile',0,'','2019-06-06 23:07:14'),(56,'InputfieldImage',0,'','2019-06-06 23:07:14'),(57,'FieldtypeImage',0,'','2019-06-06 23:07:14'),(60,'InputfieldPage',0,'{\"inputfieldClasses\":[\"InputfieldSelect\",\"InputfieldSelectMultiple\",\"InputfieldCheckboxes\",\"InputfieldRadios\",\"InputfieldAsmSelect\",\"InputfieldPageListSelect\",\"InputfieldPageListSelectMultiple\",\"InputfieldPageAutocomplete\"]}','2019-06-06 23:07:14'),(61,'TextformatterEntities',0,'','2019-06-06 23:07:14'),(66,'ProcessUser',0,'{\"showFields\":[\"name\",\"email\",\"roles\"]}','2019-06-06 23:07:14'),(67,'MarkupAdminDataTable',0,'','2019-06-06 23:07:14'),(68,'ProcessRole',0,'{\"showFields\":[\"name\"]}','2019-06-06 23:07:14'),(76,'ProcessList',0,'','2019-06-06 23:07:14'),(78,'InputfieldFieldset',0,'','2019-06-06 23:07:14'),(79,'InputfieldMarkup',0,'','2019-06-06 23:07:14'),(80,'InputfieldEmail',0,'','2019-06-06 23:07:14'),(89,'FieldtypeFloat',1,'','2019-06-06 23:07:14'),(83,'ProcessPageView',0,'','2019-06-06 23:07:14'),(84,'FieldtypeInteger',0,'','2019-06-06 23:07:14'),(85,'InputfieldInteger',0,'','2019-06-06 23:07:14'),(86,'InputfieldPageName',0,'','2019-06-06 23:07:14'),(87,'ProcessHome',0,'','2019-06-06 23:07:14'),(90,'InputfieldFloat',0,'','2019-06-06 23:07:14'),(94,'InputfieldDatetime',0,'','2019-06-06 23:07:14'),(98,'MarkupPagerNav',0,'','2019-06-06 23:07:14'),(129,'ProcessPageEditImageSelect',1,'','2019-06-06 23:07:14'),(103,'JqueryTableSorter',1,'','2019-06-06 23:07:14'),(104,'ProcessPageSearch',1,'{\"searchFields\":\"title\",\"displayField\":\"title path\"}','2019-06-06 23:07:14'),(105,'FieldtypeFieldsetOpen',1,'','2019-06-06 23:07:14'),(106,'FieldtypeFieldsetClose',1,'','2019-06-06 23:07:14'),(107,'FieldtypeFieldsetTabOpen',1,'','2019-06-06 23:07:14'),(109,'ProcessPageTrash',1,'','2019-06-06 23:07:14'),(111,'FieldtypePageTitle',1,'','2019-06-06 23:07:14'),(112,'InputfieldPageTitle',0,'','2019-06-06 23:07:14'),(113,'MarkupPageArray',3,'','2019-06-06 23:07:14'),(131,'InputfieldButton',0,'','2019-06-06 23:07:14'),(133,'FieldtypePassword',1,'','2019-06-06 23:07:14'),(134,'ProcessPageType',33,'{\"showFields\":[]}','2019-06-06 23:07:14'),(135,'FieldtypeURL',1,'','2019-06-06 23:07:14'),(136,'ProcessPermission',1,'{\"showFields\":[\"name\",\"title\"]}','2019-06-06 23:07:14'),(137,'InputfieldPageListSelectMultiple',0,'','2019-06-06 23:07:14'),(138,'ProcessProfile',1,'{\"profileFields\":[\"pass\",\"email\",\"admin_theme\",\"language\",\"language\"]}','2019-06-06 23:07:14'),(139,'SystemUpdater',1,'{\"systemVersion\":16,\"coreVersion\":\"3.0.132\"}','2019-06-06 23:07:14'),(92,'InputfieldTinyMCE',0,'','2019-06-06 23:07:14'),(148,'AdminThemeDefault',10,'','2019-06-06 23:07:14'),(149,'InputfieldSelector',42,'','2019-06-06 23:07:14'),(150,'ProcessPageLister',32,'','2019-06-06 23:07:14'),(151,'InputfieldCKEditor',0,'','2019-06-06 23:07:14'),(152,'MarkupHTMLPurifier',0,'','2019-06-06 23:07:14'),(153,'JqueryMagnific',1,'','2019-06-06 23:07:14'),(155,'ProcessRecentPages',1,'','2019-06-06 23:07:39'),(156,'AdminThemeUikit',10,'','2019-06-06 23:07:40'),(157,'ProcessLogger',1,'','2019-06-06 23:07:47'),(158,'InputfieldIcon',0,'','2019-06-06 23:07:47'),(159,'AllInOneMinify',3,'{\"stylesheet_prefix\":\"css_\",\"javascript_prefix\":\"js_\",\"max_cache_lifetime\":\"2419200\",\"html_minify\":\"\",\"development_mode\":\"\",\"directory_traversal\":\"\",\"empty_cache\":\"Empty cache\",\"domain_sharding\":\"\",\"domain_sharding_ssl\":\"\",\"uninstall\":\"\",\"submit_save_module\":\"Submit\"}','2019-06-07 00:32:08'),(160,'MarkupBrowserUpdate',3,'{\"ie\":10,\"ff\":27,\"op\":17,\"sa\":6,\"test\":\"false\",\"uninstall\":\"\",\"submit_save_module\":\"Submit\"}','2019-06-07 00:32:35'),(161,'FieldtypeRepeater',35,'{\"repeatersRootPageID\":1014,\"uninstall\":\"\",\"submit_save_module\":\"Submit\"}','2019-06-07 02:51:19'),(162,'InputfieldRepeater',0,'','2019-06-07 02:51:19'),(164,'MarkupCache',3,'{\"noExpire\":\"1\",\"uninstall\":\"\",\"submit_save_module\":\"Submit\"}','2019-06-07 14:50:29'),(174,'FieldtypeMapMarker',1,'{\"googleApiKey\":\"AIzaSyCxOXiquQRGkwDuMTM_NENqgzYunvtgnZe\",\"uninstall\":\"\",\"submit_save_module\":\"Submit\"}','2019-06-13 22:56:40'),(175,'InputfieldMapMarker',0,'','2019-06-13 22:56:40'),(176,'InputfieldPageAutocomplete',0,'','2019-06-17 15:58:38'),(177,'MarkupGoogleMap',0,'','2019-06-19 17:00:24'),(182,'InputfieldRate',0,'','2019-06-19 18:52:38'),(189,'LanguageSupport',35,'{\"languagesPageID\":1222,\"defaultLanguagePageID\":1223,\"otherLanguagePageIDs\":[1225],\"languageTranslatorPageID\":1224,\"uninstall\":\"\",\"submit_save_module\":\"Submit\"}','2019-06-25 01:12:03'),(190,'ProcessLanguage',1,'','2019-06-25 01:12:03'),(191,'ProcessLanguageTranslator',1,'','2019-06-25 01:12:03'),(192,'LanguageSupportFields',3,'','2019-06-25 01:12:25'),(193,'FieldtypeTextLanguage',1,'','2019-06-25 01:12:25'),(194,'FieldtypePageTitleLanguage',1,'','2019-06-25 01:12:25'),(195,'FieldtypeTextareaLanguage',1,'','2019-06-25 01:12:25'),(196,'LanguageSupportPageNames',3,'{\"moduleVersion\":10,\"pageNumUrlPrefix1223\":\"page\",\"useHomeSegment\":\"0\",\"uninstall\":\"\",\"submit_save_module\":\"Submit\",\"pageNumUrlPrefix1225\":\"\"}','2019-06-25 01:12:48'),(197,'LanguageTabs',11,'{\"tabField\":\"title\",\"uninstall\":\"\",\"submit_save_module\":\"Submit\"}','2019-06-25 01:13:15'),(198,'MarkupGoogleRecaptcha',0,'{\"site_key\":\"6Ldnd6oUAAAAAL8HPIunCrbWEdqtSY_ubTjr9KJ-\",\"secret_key\":\"6Ldnd6oUAAAAAIcoR15Obf1D2T5p1wl65f5hzth0\",\"data_recaptcha_type\":\"recaptchav2\",\"data_badge\":null,\"data_theme\":\"\",\"data_size\":\"\",\"data_index\":\"0\",\"data_type\":\"\",\"uninstall\":\"\",\"submit_save_module\":\"Submit\"}','2019-06-25 04:22:04');

/*Table structure for table `pages` */

DROP TABLE IF EXISTS `pages`;

CREATE TABLE `pages` (
  `id` int(10) unsigned NOT NULL AUTO_INCREMENT,
  `parent_id` int(11) unsigned NOT NULL DEFAULT '0',
  `templates_id` int(11) unsigned NOT NULL DEFAULT '0',
  `name` varchar(128) CHARACTER SET ascii NOT NULL,
  `status` int(10) unsigned NOT NULL DEFAULT '1',
  `modified` timestamp NOT NULL DEFAULT CURRENT_TIMESTAMP,
  `modified_users_id` int(10) unsigned NOT NULL DEFAULT '2',
  `created` timestamp NOT NULL DEFAULT '2015-12-18 06:09:00',
  `created_users_id` int(10) unsigned NOT NULL DEFAULT '2',
  `published` datetime DEFAULT NULL,
  `sort` int(11) NOT NULL DEFAULT '0',
  `name1225` varchar(128) CHARACTER SET ascii DEFAULT NULL,
  `status1225` int(10) unsigned NOT NULL DEFAULT '1',
  PRIMARY KEY (`id`),
  UNIQUE KEY `name_parent_id` (`name`,`parent_id`),
  UNIQUE KEY `name1225_parent_id` (`name1225`,`parent_id`),
  KEY `parent_id` (`parent_id`),
  KEY `templates_id` (`templates_id`),
  KEY `modified` (`modified`),
  KEY `created` (`created`),
  KEY `status` (`status`),
  KEY `published` (`published`)
) ENGINE=MyISAM AUTO_INCREMENT=1255 DEFAULT CHARSET=utf8;

/*Data for the table `pages` */

insert  into `pages`(`id`,`parent_id`,`templates_id`,`name`,`status`,`modified`,`modified_users_id`,`created`,`created_users_id`,`published`,`sort`,`name1225`,`status1225`) values (1,0,1,'home',9,'2019-06-25 02:30:59',41,'2019-06-06 23:07:14',2,'2019-06-06 23:07:14',0,'en',1),(2,1,2,'admin',1035,'2019-06-06 23:07:40',40,'2019-06-06 23:07:14',2,'2019-06-06 23:07:14',12,NULL,1),(3,2,2,'page',21,'2019-06-06 23:07:14',41,'2019-06-06 23:07:14',2,'2019-06-06 23:07:14',0,NULL,1),(6,3,2,'add',21,'2019-06-06 23:07:58',40,'2019-06-06 23:07:14',2,'2019-06-06 23:07:14',1,NULL,1),(7,1,2,'trash',1039,'2019-06-06 23:07:14',41,'2019-06-06 23:07:14',2,'2019-06-06 23:07:14',13,NULL,1),(8,3,2,'list',21,'2019-06-06 23:08:07',41,'2019-06-06 23:07:14',2,'2019-06-06 23:07:14',0,NULL,1),(9,3,2,'sort',1047,'2019-06-06 23:07:14',41,'2019-06-06 23:07:14',2,'2019-06-06 23:07:14',3,NULL,1),(10,3,2,'edit',1045,'2019-06-06 23:08:06',41,'2019-06-06 23:07:14',2,'2019-06-06 23:07:14',4,NULL,1),(11,22,2,'template',21,'2019-06-06 23:07:14',41,'2019-06-06 23:07:14',2,'2019-06-06 23:07:14',0,NULL,1),(16,22,2,'field',21,'2019-06-06 23:07:14',41,'2019-06-06 23:07:14',2,'2019-06-06 23:07:14',2,NULL,1),(21,2,2,'module',21,'2019-06-06 23:07:14',41,'2019-06-06 23:07:14',2,'2019-06-06 23:07:14',2,NULL,1),(22,2,2,'setup',21,'2019-06-06 23:07:14',41,'2019-06-06 23:07:14',2,'2019-06-06 23:07:14',1,NULL,1),(23,2,2,'login',1035,'2019-06-06 23:07:14',41,'2019-06-06 23:07:14',2,'2019-06-06 23:07:14',4,NULL,1),(27,1,29,'http404',1035,'2019-06-06 23:07:14',41,'2019-06-06 23:07:14',3,'2019-06-06 23:07:14',10,NULL,1),(28,2,2,'access',13,'2019-06-06 23:07:14',41,'2019-06-06 23:07:14',2,'2019-06-06 23:07:14',3,NULL,1),(29,28,2,'users',29,'2019-06-06 23:07:14',41,'2019-06-06 23:07:14',2,'2019-06-06 23:07:14',0,NULL,1),(30,28,2,'roles',29,'2019-06-06 23:07:14',41,'2019-06-06 23:07:14',2,'2019-06-06 23:07:14',1,NULL,1),(31,28,2,'permissions',29,'2019-06-06 23:07:14',41,'2019-06-06 23:07:14',2,'2019-06-06 23:07:14',2,NULL,1),(32,31,5,'page-edit',25,'2019-06-06 23:07:14',41,'2019-06-06 23:07:14',2,'2019-06-06 23:07:14',2,NULL,1),(34,31,5,'page-delete',25,'2019-06-06 23:07:14',41,'2019-06-06 23:07:14',2,'2019-06-06 23:07:14',3,NULL,1),(35,31,5,'page-move',25,'2019-06-06 23:07:14',41,'2019-06-06 23:07:14',2,'2019-06-06 23:07:14',4,NULL,1),(36,31,5,'page-view',25,'2019-06-06 23:07:14',41,'2019-06-06 23:07:14',2,'2019-06-06 23:07:14',0,NULL,1),(37,30,4,'guest',25,'2019-06-06 23:07:14',41,'2019-06-06 23:07:14',2,'2019-06-06 23:07:14',0,NULL,1),(38,30,4,'superuser',25,'2019-06-06 23:07:14',41,'2019-06-06 23:07:14',2,'2019-06-06 23:07:14',1,NULL,1),(41,29,3,'admin',1,'2019-06-25 01:12:03',41,'2019-06-06 23:07:14',2,'2019-06-06 23:07:14',0,NULL,1),(40,29,3,'guest',25,'2019-06-25 01:12:03',41,'2019-06-06 23:07:14',2,'2019-06-06 23:07:14',1,NULL,1),(50,31,5,'page-sort',25,'2019-06-06 23:07:14',41,'2019-06-06 23:07:14',41,'2019-06-06 23:07:14',5,NULL,1),(51,31,5,'page-template',25,'2019-06-06 23:07:14',41,'2019-06-06 23:07:14',41,'2019-06-06 23:07:14',6,NULL,1),(52,31,5,'user-admin',25,'2019-06-06 23:07:14',41,'2019-06-06 23:07:14',41,'2019-06-06 23:07:14',10,NULL,1),(53,31,5,'profile-edit',1,'2019-06-06 23:07:14',41,'2019-06-06 23:07:14',41,'2019-06-06 23:07:14',13,NULL,1),(54,31,5,'page-lock',1,'2019-06-06 23:07:14',41,'2019-06-06 23:07:14',41,'2019-06-06 23:07:14',8,NULL,1),(300,3,2,'search',1045,'2019-06-06 23:07:14',41,'2019-06-06 23:07:14',2,'2019-06-06 23:07:14',6,NULL,1),(301,3,2,'trash',1047,'2019-06-06 23:07:14',41,'2019-06-06 23:07:14',2,'2019-06-06 23:07:14',6,NULL,1),(302,3,2,'link',1041,'2019-06-06 23:07:14',41,'2019-06-06 23:07:14',2,'2019-06-06 23:07:14',7,NULL,1),(303,3,2,'image',1041,'2019-06-06 23:07:14',41,'2019-06-06 23:07:14',2,'2019-06-06 23:07:14',8,NULL,1),(304,2,2,'profile',1025,'2019-06-06 23:07:14',41,'2019-06-06 23:07:14',41,'2019-06-06 23:07:14',5,NULL,1),(1000,7,26,'1000.1.7_search',9217,'2019-06-24 06:00:25',41,'2019-06-06 23:07:14',2,'2019-06-06 23:07:14',7,NULL,1),(1001,7,29,'1001.1.0_about',8193,'2019-06-21 21:31:48',41,'2019-06-06 23:07:14',2,'2019-06-06 23:07:14',0,NULL,1),(1002,1001,29,'what',8193,'2019-06-06 23:07:14',41,'2019-06-06 23:07:14',2,'2019-06-06 23:07:14',0,NULL,1),(1003,7,29,'1003.1.5_templates',9217,'2019-06-24 06:00:10',41,'2019-06-06 23:07:14',2,'2019-06-06 23:07:14',5,NULL,1),(1004,1001,29,'background',8193,'2019-06-06 23:07:14',41,'2019-06-06 23:07:14',2,'2019-06-06 23:07:14',1,NULL,1),(1005,1,34,'site-map',1025,'2019-06-24 06:00:43',41,'2019-06-06 23:07:14',2,'2019-06-06 23:07:14',11,NULL,1),(1006,31,5,'page-lister',1,'2019-06-06 23:07:14',40,'2019-06-06 23:07:14',40,'2019-06-06 23:07:14',9,NULL,1),(1007,3,2,'lister',1,'2019-06-06 23:07:14',40,'2019-06-06 23:07:14',40,'2019-06-06 23:07:14',9,NULL,1),(1009,3,2,'recent-pages',1,'2019-06-06 23:07:39',40,'2019-06-06 23:07:39',40,'2019-06-06 23:07:39',10,NULL,1),(1010,31,5,'page-edit-recent',1,'2019-06-06 23:07:39',40,'2019-06-06 23:07:39',40,'2019-06-06 23:07:39',10,NULL,1),(1011,22,2,'logs',1,'2019-06-06 23:07:47',40,'2019-06-06 23:07:47',40,'2019-06-06 23:07:47',2,NULL,1),(1012,31,5,'logs-view',1,'2019-06-06 23:07:47',40,'2019-06-06 23:07:47',40,'2019-06-06 23:07:47',11,NULL,1),(1013,31,5,'logs-edit',1,'2019-06-06 23:07:47',40,'2019-06-06 23:07:47',40,'2019-06-06 23:07:47',12,NULL,1),(1014,2,2,'repeaters',1036,'2019-06-07 02:51:19',41,'2019-06-07 02:51:19',41,'2019-06-07 02:51:19',6,NULL,1),(1015,1014,2,'for-field-119',17,'2019-06-07 02:51:59',41,'2019-06-07 02:51:59',41,'2019-06-07 02:51:59',0,NULL,1),(1018,1014,2,'for-field-123',17,'2019-06-07 03:06:23',41,'2019-06-07 03:06:23',41,'2019-06-07 03:06:23',1,NULL,1),(1023,1014,2,'for-field-128',17,'2019-06-07 03:30:47',41,'2019-06-07 03:30:47',41,'2019-06-07 03:30:47',2,NULL,1),(1028,1014,2,'for-field-131',17,'2019-06-07 03:55:32',41,'2019-06-07 03:55:32',41,'2019-06-07 03:55:32',3,NULL,1),(1055,1014,2,'for-field-136',17,'2019-06-07 04:53:12',41,'2019-06-07 04:53:12',41,'2019-06-07 04:53:12',4,NULL,1),(1089,1014,2,'for-field-147',17,'2019-06-12 23:59:52',41,'2019-06-12 23:59:52',41,'2019-06-12 23:59:52',5,NULL,1),(1090,1089,2,'for-page-1',17,'2019-06-13 00:26:00',41,'2019-06-13 00:26:00',41,'2019-06-13 00:26:00',0,NULL,1),(1091,1090,49,'1560356770-3998-1',1,'2019-06-20 00:14:37',41,'2019-06-13 00:26:10',41,'2019-06-13 00:31:48',0,NULL,1),(1069,1018,2,'for-page-1',17,'2019-06-12 23:15:15',41,'2019-06-12 23:15:15',41,'2019-06-12 23:15:15',0,NULL,1),(1070,1069,44,'1560352521-3262-1',1,'2019-06-12 23:18:04',41,'2019-06-12 23:15:21',41,'2019-06-12 23:16:55',0,NULL,1),(1071,1069,44,'1560352569-5687-1',1,'2019-06-12 23:18:04',41,'2019-06-12 23:16:09',41,'2019-06-12 23:16:55',1,NULL,1),(1072,1069,44,'1560352588-9713-1',1,'2019-06-12 23:18:04',41,'2019-06-12 23:16:28',41,'2019-06-12 23:16:55',2,NULL,1),(1073,1023,2,'for-page-1',17,'2019-06-12 23:22:03',41,'2019-06-12 23:22:03',41,'2019-06-12 23:22:03',0,NULL,1),(1074,1073,45,'1560352956-7221-1',1,'2019-06-12 23:25:40',41,'2019-06-12 23:22:36',41,'2019-06-12 23:23:14',0,NULL,1),(1075,1073,45,'1560352976-5766-1',1,'2019-06-12 23:25:40',41,'2019-06-12 23:22:56',41,'2019-06-12 23:23:14',1,NULL,1),(1076,1073,45,'1560352983-1354-1',1,'2019-06-12 23:25:40',41,'2019-06-12 23:23:03',41,'2019-06-12 23:23:14',2,NULL,1),(1080,1077,46,'1560353181-7698-1',1,'2019-06-16 03:10:26',41,'2019-06-12 23:26:21',41,'2019-06-12 23:27:08',2,NULL,1),(1077,1028,2,'for-page-1',17,'2019-06-12 23:24:25',41,'2019-06-12 23:24:25',41,'2019-06-12 23:24:25',0,NULL,1),(1078,1077,46,'1560353072-3754-1',1,'2019-06-16 03:10:26',41,'2019-06-12 23:24:32',41,'2019-06-12 23:25:40',0,NULL,1),(1079,1077,46,'1560353144-5962-1',1,'2019-06-16 03:10:26',41,'2019-06-12 23:25:44',41,'2019-06-12 23:26:17',1,NULL,1),(1081,1077,46,'1560353210-0154-1',1,'2019-06-16 03:10:26',41,'2019-06-12 23:26:50',41,'2019-06-12 23:27:08',3,NULL,1),(1082,1055,2,'for-page-1',17,'2019-06-12 23:28:05',41,'2019-06-12 23:28:05',41,'2019-06-12 23:28:05',0,NULL,1),(1083,1082,47,'1560353290-751-1',1,'2019-06-12 23:30:30',41,'2019-06-12 23:28:10',41,'2019-06-12 23:29:03',0,NULL,1),(1084,1082,47,'1560353357-1922-1',1,'2019-06-12 23:30:57',41,'2019-06-12 23:29:17',41,'2019-06-12 23:30:30',1,NULL,1),(1085,1082,47,'1560353384-9189-1',1,'2019-06-12 23:30:57',41,'2019-06-12 23:29:44',41,'2019-06-12 23:30:30',2,NULL,1),(1086,1082,47,'1560353407-1742-1',1,'2019-06-12 23:30:57',41,'2019-06-12 23:30:07',41,'2019-06-12 23:30:30',3,NULL,1),(1087,1082,47,'1560353435-9589-1',1,'2019-06-12 23:35:27',41,'2019-06-12 23:30:35',41,'2019-06-12 23:30:57',4,NULL,1),(1088,1082,47,'1560353670-8156-1',1,'2019-06-13 00:31:48',41,'2019-06-12 23:34:30',41,'2019-06-12 23:35:27',5,NULL,1),(1092,1090,49,'1560357048-6323-1',1,'2019-06-20 00:14:37',41,'2019-06-13 00:30:48',41,'2019-06-13 00:31:48',1,NULL,1),(1093,1090,49,'1560357886-5426-1',1,'2019-06-20 00:14:37',41,'2019-06-13 00:44:46',41,'2019-06-13 00:47:20',2,NULL,1),(1094,1090,49,'1560358857-4266-1',1,'2019-06-20 00:14:37',41,'2019-06-13 01:00:57',41,'2019-06-13 01:01:32',3,NULL,1),(1095,1,51,'job',1,'2019-06-25 03:28:18',41,'2019-06-13 17:24:03',41,'2019-06-13 17:24:13',2,NULL,1),(1096,1014,2,'for-field-150',17,'2019-06-13 17:48:22',41,'2019-06-13 17:48:22',41,'2019-06-13 17:48:22',6,NULL,1),(1097,1014,2,'for-field-153',17,'2019-06-13 18:06:40',41,'2019-06-13 18:06:40',41,'2019-06-13 18:06:40',7,NULL,1),(1098,1097,2,'for-page-1095',17,'2019-06-13 23:25:31',41,'2019-06-13 23:25:31',41,'2019-06-13 23:25:31',0,NULL,1),(1109,1102,56,'1560703039-4156-1',1,'2019-06-17 00:41:09',41,'2019-06-17 00:37:19',41,'2019-06-17 00:39:05',0,NULL,1),(1100,1014,2,'for-field-166',17,'2019-06-16 02:59:15',41,'2019-06-16 02:59:15',41,'2019-06-16 02:59:15',8,NULL,1),(1101,1,55,'data-policy',1,'2019-06-17 09:48:56',41,'2019-06-16 03:11:57',41,'2019-06-16 03:12:02',5,NULL,1),(1102,1100,2,'for-page-1101',17,'2019-06-16 03:11:57',41,'2019-06-16 03:11:57',41,'2019-06-16 03:11:57',0,NULL,1),(1110,1102,56,'1560703156-3153-1',1,'2019-06-17 01:19:24',41,'2019-06-17 00:39:16',41,'2019-06-17 00:41:09',1,NULL,1),(1105,1,58,'impressum',1,'2019-06-25 04:02:15',41,'2019-06-16 03:38:15',41,'2019-06-16 03:39:04',6,NULL,1),(1111,1102,56,'1560703427-2916-1',1,'2019-06-17 09:18:04',41,'2019-06-17 00:43:47',41,'2019-06-17 01:19:24',2,NULL,1),(1112,1102,56,'1560734190-9785-1',1,'2019-06-17 09:23:39',41,'2019-06-17 09:16:30',41,'2019-06-17 09:17:55',3,NULL,1),(1113,1102,56,'1560734476-1033-1',1,'2019-06-17 09:28:26',41,'2019-06-17 09:21:16',41,'2019-06-17 09:23:39',4,NULL,1),(1114,1102,56,'1560734630-0214-1',1,'2019-06-17 09:34:27',41,'2019-06-17 09:23:50',41,'2019-06-17 09:28:26',5,NULL,1),(1115,1102,56,'1560734922-1737-1',1,'2019-06-17 09:48:56',41,'2019-06-17 09:28:42',41,'2019-06-17 09:34:27',6,NULL,1),(1116,1102,56,'1560735274-1183-1',1,'2019-06-17 09:48:56',41,'2019-06-17 09:34:34',41,'2019-06-17 09:48:56',9,NULL,1),(1235,1142,2,'for-page-1234',17,'2019-06-25 17:48:20',41,'2019-06-25 17:48:20',41,'2019-06-25 17:48:20',6,NULL,0),(1236,1128,66,'news6',1,'2019-06-25 23:57:19',41,'2019-06-25 17:48:41',41,'2019-06-25 17:48:58',6,NULL,1),(1237,1142,2,'for-page-1236',17,'2019-06-25 17:48:41',41,'2019-06-25 17:48:41',41,'2019-06-25 17:48:41',7,NULL,0),(1238,1128,66,'news8',1,'2019-06-25 23:57:29',41,'2019-06-25 17:49:12',41,'2019-06-25 17:49:24',7,NULL,1),(1239,1142,2,'for-page-1238',17,'2019-06-25 17:49:12',41,'2019-06-25 17:49:12',41,'2019-06-25 17:49:12',8,NULL,0),(1122,1098,53,'1560770138-8368-1',1,'2019-06-18 21:54:01',41,'2019-06-17 19:15:38',41,'2019-06-17 19:16:29',0,NULL,1),(1123,1098,53,'1560770169-0266-1',1,'2019-06-18 21:54:01',41,'2019-06-17 19:16:09',41,'2019-06-17 19:16:29',1,NULL,1),(1124,1095,54,'head-of-people-operations',1,'2019-06-24 11:09:11',41,'2019-06-18 09:49:21',41,'2019-06-18 09:54:01',0,NULL,1),(1125,7,51,'1125.1095.0_newjos',10241,'2019-06-18 21:39:24',41,'2019-06-18 21:38:40',41,NULL,0,NULL,1),(1234,1128,66,'news5',1,'2019-06-25 23:57:03',41,'2019-06-25 17:48:20',41,'2019-06-25 17:48:29',5,NULL,1),(1127,1097,2,'for-page-1125',17,'2019-06-18 21:38:40',41,'2019-06-18 21:38:40',41,'2019-06-18 21:38:40',1,NULL,1),(1128,1,63,'news-feed',1,'2019-06-26 01:20:54',41,'2019-06-18 21:40:27',41,'2019-06-22 04:51:50',4,NULL,1),(1129,1128,66,'paltron-news',1,'2019-06-25 23:52:56',41,'2019-06-18 21:40:46',41,'2019-06-18 21:41:37',0,NULL,1),(1130,1,59,'about-us',1,'2019-06-26 01:25:12',41,'2019-06-21 21:32:24',41,'2019-06-21 21:33:55',7,NULL,1),(1131,1014,2,'for-field-181',17,'2019-06-21 22:30:08',41,'2019-06-21 22:30:08',41,'2019-06-21 22:30:08',9,NULL,1),(1132,1131,2,'for-page-1130',17,'2019-06-21 22:32:06',41,'2019-06-21 22:32:06',41,'2019-06-21 22:32:06',0,NULL,1),(1133,1132,60,'1561127529-6289-1',1,'2019-06-21 23:08:18',41,'2019-06-21 22:32:09',41,'2019-06-21 22:32:37',0,NULL,1),(1136,1014,2,'for-field-183',17,'2019-06-22 01:23:21',41,'2019-06-22 01:23:21',41,'2019-06-22 01:23:21',10,NULL,1),(1134,1132,60,'1561127561-8163-1',1,'2019-06-21 23:08:18',41,'2019-06-21 22:32:41',41,'2019-06-21 22:32:48',1,NULL,1),(1135,1132,60,'1561127565-8575-1',1,'2019-06-21 23:08:18',41,'2019-06-21 22:32:45',41,'2019-06-21 22:32:48',2,NULL,1),(1137,1136,2,'for-page-1130',17,'2019-06-22 01:27:45',41,'2019-06-22 01:27:45',41,'2019-06-22 01:27:45',0,NULL,1),(1138,1137,61,'1561138073-9354-1',1,'2019-06-26 01:24:54',41,'2019-06-22 01:27:53',41,'2019-06-22 01:28:46',0,NULL,1),(1139,1137,61,'1561138091-1283-1',1,'2019-06-26 01:24:54',41,'2019-06-22 01:28:11',41,'2019-06-22 01:28:46',1,NULL,1),(1140,1137,61,'1561138102-3491-1',1,'2019-06-26 01:24:54',41,'2019-06-22 01:28:22',41,'2019-06-22 01:28:46',2,NULL,1),(1141,1137,61,'1561138112-0882-1',1,'2019-06-26 01:24:54',41,'2019-06-22 01:28:32',41,'2019-06-22 01:28:46',3,NULL,1),(1142,1014,2,'for-field-184',17,'2019-06-22 01:47:13',41,'2019-06-22 01:47:13',41,'2019-06-22 01:47:13',11,NULL,1),(1143,1142,2,'for-page-1130',17,'2019-06-22 01:47:50',41,'2019-06-22 01:47:50',41,'2019-06-22 01:47:50',0,NULL,1),(1144,1143,62,'1561139274-132-1',1,'2019-06-25 02:47:09',41,'2019-06-22 01:47:54',41,'2019-06-22 01:55:41',0,NULL,1),(1145,1143,62,'1561139725-561-1',1,'2019-06-25 02:47:09',41,'2019-06-22 01:55:25',41,'2019-06-22 01:55:41',1,NULL,1),(1146,1143,62,'1561139735-0613-1',1,'2019-06-25 02:47:09',41,'2019-06-22 01:55:35',41,'2019-06-22 01:55:41',2,NULL,1),(1147,1014,2,'for-field-185',17,'2019-06-22 05:21:21',41,'2019-06-22 05:21:21',41,'2019-06-22 05:21:21',12,NULL,1),(1245,1244,64,'1561482716-7299-1',1,'2019-06-26 01:20:54',41,'2019-06-26 01:11:56',41,'2019-06-26 01:14:39',0,NULL,1),(1246,1244,64,'1561482752-13-1',1,'2019-06-26 01:20:54',41,'2019-06-26 01:12:32',41,'2019-06-26 01:14:39',1,NULL,1),(1247,1244,64,'1561482766-4219-1',1,'2019-06-26 01:20:54',41,'2019-06-26 01:12:46',41,'2019-06-26 01:14:39',2,NULL,1),(1254,1244,64,'1561482867-6012-1',1,'2019-06-26 01:20:54',41,'2019-06-26 01:14:27',41,'2019-06-26 01:14:40',9,NULL,1),(1253,1244,64,'1561482855-4917-1',1,'2019-06-26 01:20:54',41,'2019-06-26 01:14:15',41,'2019-06-26 01:14:40',8,NULL,1),(1159,1014,2,'for-field-187',17,'2019-06-22 06:15:01',41,'2019-06-22 06:15:01',41,'2019-06-22 06:15:01',13,NULL,1),(1252,1244,64,'1561482840-6701-1',1,'2019-06-26 01:20:54',41,'2019-06-26 01:14:00',41,'2019-06-26 01:14:39',7,NULL,1),(1251,1244,64,'1561482818-963-1',1,'2019-06-26 01:20:54',41,'2019-06-26 01:13:38',41,'2019-06-26 01:14:39',6,NULL,1),(1250,1244,64,'1561482806-7705-1',1,'2019-06-26 01:20:54',41,'2019-06-26 01:13:26',41,'2019-06-26 01:14:39',5,NULL,1),(1249,1244,64,'1561482794-7031-1',1,'2019-06-26 01:20:54',41,'2019-06-26 01:13:14',41,'2019-06-26 01:14:39',4,NULL,1),(1248,1244,64,'1561482783-3199-1',1,'2019-06-26 01:20:54',41,'2019-06-26 01:13:03',41,'2019-06-26 01:14:39',3,NULL,1),(1226,1128,66,'news1',1,'2019-06-25 23:56:01',41,'2019-06-25 17:45:29',41,'2019-06-25 17:46:30',1,NULL,1),(1169,1142,2,'for-page-1129',17,'2019-06-22 16:51:26',41,'2019-06-22 16:51:26',41,'2019-06-22 16:51:26',1,NULL,1),(1233,1142,2,'for-page-1232',17,'2019-06-25 17:47:57',41,'2019-06-25 17:47:57',41,'2019-06-25 17:47:57',5,NULL,0),(1232,1128,66,'news4',1,'2019-06-25 23:56:50',41,'2019-06-25 17:47:57',41,'2019-06-25 17:48:08',4,NULL,1),(1231,1142,2,'for-page-1230',17,'2019-06-25 17:47:28',41,'2019-06-25 17:47:28',41,'2019-06-25 17:47:28',4,NULL,0),(1230,1128,66,'new3',1,'2019-06-25 23:56:41',41,'2019-06-25 17:47:28',41,'2019-06-25 17:47:40',3,NULL,1),(1229,1142,2,'for-page-1228',17,'2019-06-25 17:46:53',41,'2019-06-25 17:46:53',41,'2019-06-25 17:46:53',3,NULL,0),(1228,1128,66,'news2',1,'2019-06-25 23:56:29',41,'2019-06-25 17:46:53',41,'2019-06-25 17:47:12',2,NULL,1),(1227,1142,2,'for-page-1226',17,'2019-06-25 17:45:29',41,'2019-06-25 17:45:29',41,'2019-06-25 17:45:29',2,NULL,0),(1170,1169,62,'1561197618-7984-1',1,'2019-06-24 10:55:37',41,'2019-06-22 18:00:18',41,'2019-06-22 18:01:20',0,NULL,1),(1171,1169,62,'1561197661-9856-1',1,'2019-06-24 10:55:37',41,'2019-06-22 18:01:01',41,'2019-06-22 18:01:20',1,NULL,1),(1172,1169,62,'1561197668-3866-1',1,'2019-06-24 10:55:37',41,'2019-06-22 18:01:08',41,'2019-06-22 18:01:20',2,NULL,1),(1173,1169,62,'1561197674-1333-1',1,'2019-06-24 10:55:37',41,'2019-06-22 18:01:14',41,'2019-06-22 18:01:20',3,NULL,1),(1174,1,67,'find-job',1,'2019-06-22 18:44:05',41,'2019-06-22 18:43:33',41,'2019-06-22 18:43:40',8,NULL,1),(1175,1,68,'apply-job',1,'2019-06-23 09:44:35',41,'2019-06-23 09:27:22',41,'2019-06-23 09:27:56',9,NULL,1),(1176,1089,2,'for-page-1175',17,'2019-06-23 09:37:36',41,'2019-06-23 09:37:36',41,'2019-06-23 09:37:36',3,NULL,1),(1177,1176,49,'1561253859-77-1',1,'2019-06-23 09:44:32',41,'2019-06-23 09:37:39',41,'2019-06-23 09:39:25',0,NULL,1),(1178,1176,49,'1561253906-5096-1',1,'2019-06-23 09:44:32',41,'2019-06-23 09:38:26',41,'2019-06-23 09:39:25',1,NULL,1),(1179,1176,49,'1561253928-985-1',1,'2019-06-23 09:44:32',41,'2019-06-23 09:38:48',41,'2019-06-23 09:39:25',2,NULL,1),(1180,1176,49,'1561253940-6365-1',1,'2019-06-23 09:44:32',41,'2019-06-23 09:39:00',41,'2019-06-23 09:39:25',3,NULL,1),(1181,1200,69,'it-architektur',1,'2019-06-25 01:47:12',41,'2019-06-23 11:57:58',41,'2019-06-23 11:59:02',0,NULL,1),(1182,1014,2,'for-field-193',17,'2019-06-23 16:40:14',41,'2019-06-23 16:40:14',41,'2019-06-23 16:40:14',14,NULL,1),(1190,1014,2,'for-field-195',17,'2019-06-24 05:07:32',41,'2019-06-24 05:07:32',41,'2019-06-24 05:07:32',15,NULL,1),(1197,1196,72,'1561325680-359-1',1,'2019-06-24 11:11:05',41,'2019-06-24 05:34:40',41,'2019-06-24 05:35:18',0,NULL,1),(1198,1196,72,'1561325697-1959-1',1,'2019-06-24 05:50:45',41,'2019-06-24 05:34:57',41,'2019-06-24 05:35:18',1,NULL,1),(1199,1196,72,'1561325708-1933-1',1,'2019-06-24 05:50:45',41,'2019-06-24 05:35:08',41,'2019-06-24 05:35:18',2,NULL,1),(1195,1014,2,'for-field-197',17,'2019-06-24 05:21:24',41,'2019-06-24 05:21:24',41,'2019-06-24 05:21:24',16,NULL,1),(1196,1195,2,'for-page-1181',17,'2019-06-24 05:28:03',41,'2019-06-24 05:28:03',41,'2019-06-24 05:28:03',0,NULL,1),(1200,1,75,'expertise',1,'2019-06-26 00:22:51',41,'2019-06-24 05:57:23',41,'2019-06-24 05:57:27',3,NULL,1),(1244,1147,2,'for-page-1128',17,'2019-06-26 01:11:53',41,'2019-06-26 01:11:53',41,'2019-06-26 01:11:53',0,NULL,0),(1203,7,69,'1203.1200.1_hj',10241,'2019-06-24 05:59:26',41,'2019-06-24 05:58:59',41,NULL,1,NULL,1),(1205,1195,2,'for-page-1203',17,'2019-06-24 05:58:59',41,'2019-06-24 05:58:59',41,'2019-06-24 05:58:59',2,NULL,1),(1206,7,73,'1206.1181.0_solution-architekt',10241,'2019-06-24 11:01:44',41,'2019-06-24 06:10:19',41,NULL,0,NULL,1),(1208,1190,2,'for-page-1206',17,'2019-06-24 06:10:19',41,'2019-06-24 06:10:19',41,'2019-06-24 06:10:19',0,NULL,1),(1209,1181,73,'it-consulting',1,'2019-06-24 11:09:57',41,'2019-06-24 11:02:11',41,'2019-06-24 11:02:36',0,NULL,1),(1221,31,5,'lang-edit',1,'2019-06-25 01:12:03',41,'2019-06-25 01:12:03',41,'2019-06-25 01:12:03',13,NULL,1),(1211,1190,2,'for-page-1209',17,'2019-06-24 11:02:11',41,'2019-06-24 11:02:11',41,'2019-06-24 11:02:11',1,NULL,1),(1225,1222,74,'english',1,'2019-06-25 02:49:14',41,'2019-06-25 01:14:40',41,'2019-06-25 01:14:40',1,NULL,1),(1224,22,2,'language-translator',1040,'2019-06-25 01:12:03',41,'2019-06-25 01:12:03',41,'2019-06-25 01:12:03',4,NULL,1),(1223,1222,74,'default',16,'2019-06-25 02:15:00',41,'2019-06-25 01:12:03',41,'2019-06-25 01:12:03',0,NULL,1),(1222,22,2,'languages',16,'2019-06-25 01:12:03',41,'2019-06-25 01:12:03',41,'2019-06-25 01:12:03',3,NULL,1),(1218,1211,71,'1561345659-8457-1',1,'2019-06-24 11:09:57',41,'2019-06-24 11:07:39',41,'2019-06-24 11:09:57',2,NULL,1),(1219,1211,71,'1561345763-0809-1',1,'2019-06-24 11:09:57',41,'2019-06-24 11:09:23',41,'2019-06-24 11:09:57',3,NULL,1),(1220,1211,71,'1561345783-0279-1',1,'2019-06-24 11:09:57',41,'2019-06-24 11:09:43',41,'2019-06-24 11:09:57',4,NULL,1),(1240,1128,66,'news9',1,'2019-06-25 23:57:36',41,'2019-06-25 17:49:38',41,'2019-06-25 17:49:49',8,NULL,1),(1241,1142,2,'for-page-1240',17,'2019-06-25 17:49:38',41,'2019-06-25 17:49:38',41,'2019-06-25 17:49:38',9,NULL,0),(1242,1128,66,'lorem-ipsum-dolor-sit-amet-consectetur-adipiscing-elit',1,'2019-06-25 23:57:57',41,'2019-06-25 17:50:18',41,'2019-06-25 17:50:50',9,NULL,1),(1243,1142,2,'for-page-1242',17,'2019-06-25 17:50:18',41,'2019-06-25 17:50:18',41,'2019-06-25 17:50:18',10,NULL,0);

/*Table structure for table `pages_access` */

DROP TABLE IF EXISTS `pages_access`;

CREATE TABLE `pages_access` (
  `pages_id` int(11) NOT NULL,
  `templates_id` int(11) NOT NULL,
  `ts` timestamp NOT NULL DEFAULT CURRENT_TIMESTAMP ON UPDATE CURRENT_TIMESTAMP,
  PRIMARY KEY (`pages_id`),
  KEY `templates_id` (`templates_id`)
) ENGINE=MyISAM DEFAULT CHARSET=utf8;

/*Data for the table `pages_access` */

insert  into `pages_access`(`pages_id`,`templates_id`,`ts`) values (37,2,'2019-06-06 23:07:14'),(38,2,'2019-06-06 23:07:14'),(32,2,'2019-06-06 23:07:14'),(34,2,'2019-06-06 23:07:14'),(35,2,'2019-06-06 23:07:14'),(36,2,'2019-06-06 23:07:14'),(50,2,'2019-06-06 23:07:14'),(51,2,'2019-06-06 23:07:14'),(52,2,'2019-06-06 23:07:14'),(53,2,'2019-06-06 23:07:14'),(54,2,'2019-06-06 23:07:14'),(1006,2,'2019-06-06 23:07:14'),(1010,2,'2019-06-06 23:07:39'),(1012,2,'2019-06-06 23:07:47'),(1013,2,'2019-06-06 23:07:47'),(1092,2,'2019-06-13 00:30:48'),(1091,2,'2019-06-13 00:26:10'),(1070,2,'2019-06-12 23:15:21'),(1071,2,'2019-06-12 23:16:09'),(1072,2,'2019-06-12 23:16:28'),(1074,2,'2019-06-12 23:22:36'),(1075,2,'2019-06-12 23:22:56'),(1076,2,'2019-06-12 23:23:03'),(1078,2,'2019-06-12 23:24:32'),(1079,2,'2019-06-12 23:25:44'),(1080,2,'2019-06-12 23:26:21'),(1081,2,'2019-06-12 23:26:50'),(1083,2,'2019-06-12 23:28:10'),(1084,2,'2019-06-12 23:29:17'),(1085,2,'2019-06-12 23:29:44'),(1086,2,'2019-06-12 23:30:07'),(1087,2,'2019-06-12 23:30:35'),(1088,2,'2019-06-12 23:34:30'),(1093,2,'2019-06-13 00:44:46'),(1094,2,'2019-06-13 01:00:57'),(1095,1,'2019-06-13 17:24:04'),(1109,2,'2019-06-17 00:37:19'),(1101,1,'2019-06-16 03:11:57'),(1105,1,'2019-06-16 03:38:15'),(1110,2,'2019-06-17 00:39:16'),(1111,2,'2019-06-17 00:43:47'),(1112,2,'2019-06-17 09:16:31'),(1113,2,'2019-06-17 09:21:16'),(1114,2,'2019-06-17 09:23:50'),(1115,2,'2019-06-17 09:28:42'),(1116,2,'2019-06-17 09:34:34'),(1242,1,'2019-06-25 17:50:18'),(1122,2,'2019-06-17 19:15:38'),(1123,2,'2019-06-17 19:16:09'),(1124,1,'2019-06-18 09:49:22'),(1125,2,'2019-06-18 21:39:24'),(1128,1,'2019-06-18 21:40:28'),(1001,2,'2019-06-21 21:31:48'),(1002,2,'2019-06-21 21:31:48'),(1004,2,'2019-06-21 21:31:48'),(1130,1,'2019-06-21 21:32:24'),(1133,2,'2019-06-21 22:32:09'),(1134,2,'2019-06-21 22:32:41'),(1135,2,'2019-06-21 22:32:45'),(1138,2,'2019-06-22 01:27:53'),(1139,2,'2019-06-22 01:28:11'),(1140,2,'2019-06-22 01:28:22'),(1141,2,'2019-06-22 01:28:32'),(1144,2,'2019-06-22 01:47:54'),(1145,2,'2019-06-22 01:55:25'),(1146,2,'2019-06-22 01:55:35'),(1254,2,'2019-06-26 01:14:27'),(1253,2,'2019-06-26 01:14:15'),(1252,2,'2019-06-26 01:14:00'),(1251,2,'2019-06-26 01:13:38'),(1250,2,'2019-06-26 01:13:26'),(1249,2,'2019-06-26 01:13:14'),(1248,2,'2019-06-26 01:13:03'),(1247,2,'2019-06-26 01:12:46'),(1240,1,'2019-06-25 17:49:38'),(1238,1,'2019-06-25 17:49:12'),(1236,1,'2019-06-25 17:48:41'),(1234,1,'2019-06-25 17:48:20'),(1232,1,'2019-06-25 17:47:57'),(1230,1,'2019-06-25 17:47:28'),(1228,1,'2019-06-25 17:46:53'),(1226,1,'2019-06-25 17:45:29'),(1129,1,'2019-06-22 16:51:26'),(1170,2,'2019-06-22 18:00:18'),(1171,2,'2019-06-22 18:01:01'),(1172,2,'2019-06-22 18:01:08'),(1173,2,'2019-06-22 18:01:14'),(1174,1,'2019-06-22 18:43:33'),(1175,1,'2019-06-23 09:27:22'),(1177,2,'2019-06-23 09:37:39'),(1178,2,'2019-06-23 09:38:26'),(1179,2,'2019-06-23 09:38:48'),(1180,2,'2019-06-23 09:39:00'),(1245,2,'2019-06-26 01:11:56'),(1199,2,'2019-06-24 05:35:08'),(1198,2,'2019-06-24 05:34:57'),(1197,2,'2019-06-24 05:34:40'),(1200,1,'2019-06-24 05:57:23'),(1203,2,'2019-06-24 05:59:26'),(1003,2,'2019-06-24 06:00:10'),(1000,2,'2019-06-24 06:00:25'),(1206,2,'2019-06-24 11:01:44'),(1246,2,'2019-06-26 01:12:32'),(1225,2,'2019-06-25 01:14:40'),(1223,2,'2019-06-25 01:12:03'),(1221,2,'2019-06-25 01:12:03'),(1218,2,'2019-06-24 11:07:39'),(1219,2,'2019-06-24 11:09:23'),(1220,2,'2019-06-24 11:09:43');

/*Table structure for table `pages_parents` */

DROP TABLE IF EXISTS `pages_parents`;

CREATE TABLE `pages_parents` (
  `pages_id` int(10) unsigned NOT NULL,
  `parents_id` int(10) unsigned NOT NULL,
  PRIMARY KEY (`pages_id`,`parents_id`)
) ENGINE=MyISAM DEFAULT CHARSET=utf8;

/*Data for the table `pages_parents` */

insert  into `pages_parents`(`pages_id`,`parents_id`) values (2,1),(3,1),(3,2),(22,1),(22,2),(28,1),(28,2),(29,1),(29,2),(29,28),(30,1),(30,2),(30,28),(31,1),(31,2),(31,28),(1001,7),(1002,1),(1002,1001),(1003,1),(1004,1),(1004,1001),(1005,1),(1014,2),(1015,2),(1015,1014),(1018,2),(1018,1014),(1023,2),(1023,1014),(1028,2),(1028,1014),(1055,2),(1055,1014),(1069,2),(1069,1014),(1069,1018),(1073,2),(1073,1014),(1073,1023),(1077,2),(1077,1014),(1077,1028),(1082,2),(1082,1014),(1082,1055),(1089,2),(1089,1014),(1090,2),(1090,1014),(1090,1089),(1097,2),(1097,1014),(1098,2),(1098,1014),(1098,1097),(1100,2),(1100,1014),(1102,2),(1102,1014),(1102,1100),(1131,2),(1131,1014),(1132,2),(1132,1014),(1132,1131),(1136,2),(1136,1014),(1137,2),(1137,1014),(1137,1136),(1142,2),(1142,1014),(1143,2),(1143,1014),(1143,1142),(1147,2),(1147,1014),(1159,2),(1159,1014),(1169,2),(1169,1014),(1169,1142),(1176,2),(1176,1014),(1176,1089),(1181,1200),(1182,2),(1182,1014),(1190,2),(1190,1014),(1195,2),(1195,1014),(1196,2),(1196,1014),(1196,1195),(1211,2),(1211,1014),(1211,1190),(1222,2),(1222,22),(1244,2),(1244,1014),(1244,1147);

/*Table structure for table `pages_sortfields` */

DROP TABLE IF EXISTS `pages_sortfields`;

CREATE TABLE `pages_sortfields` (
  `pages_id` int(10) unsigned NOT NULL DEFAULT '0',
  `sortfield` varchar(20) NOT NULL DEFAULT '',
  PRIMARY KEY (`pages_id`)
) ENGINE=MyISAM DEFAULT CHARSET=utf8;

/*Data for the table `pages_sortfields` */

/*Table structure for table `session_login_throttle` */

DROP TABLE IF EXISTS `session_login_throttle`;

CREATE TABLE `session_login_throttle` (
  `name` varchar(128) NOT NULL,
  `attempts` int(10) unsigned NOT NULL DEFAULT '0',
  `last_attempt` int(10) unsigned NOT NULL,
  PRIMARY KEY (`name`)
) ENGINE=MyISAM DEFAULT CHARSET=utf8;

/*Data for the table `session_login_throttle` */

insert  into `session_login_throttle`(`name`,`attempts`,`last_attempt`) values ('admin',1,1561482672);

/*Table structure for table `templates` */

DROP TABLE IF EXISTS `templates`;

CREATE TABLE `templates` (
  `id` int(10) unsigned NOT NULL AUTO_INCREMENT,
  `name` varchar(250) CHARACTER SET ascii NOT NULL,
  `fieldgroups_id` int(10) unsigned NOT NULL DEFAULT '0',
  `flags` int(11) NOT NULL DEFAULT '0',
  `cache_time` mediumint(9) NOT NULL DEFAULT '0',
  `data` text NOT NULL,
  PRIMARY KEY (`id`),
  UNIQUE KEY `name` (`name`),
  KEY `fieldgroups_id` (`fieldgroups_id`)
) ENGINE=MyISAM AUTO_INCREMENT=76 DEFAULT CHARSET=utf8;

/*Data for the table `templates` */

insert  into `templates`(`id`,`name`,`fieldgroups_id`,`flags`,`cache_time`,`data`) values (2,'admin',2,8,0,'{\"useRoles\":1,\"parentTemplates\":[2],\"allowPageNum\":1,\"redirectLogin\":23,\"slashUrls\":1,\"noGlobal\":1,\"compile\":3,\"modified\":1559601034,\"ns\":\"ProcessWire\"}'),(3,'user',3,8,0,'{\"useRoles\":1,\"noChildren\":1,\"parentTemplates\":[2],\"slashUrls\":1,\"pageClass\":\"User\",\"noGlobal\":1,\"noMove\":1,\"noTrash\":1,\"noSettings\":1,\"noChangeTemplate\":1,\"nameContentTab\":1}'),(4,'role',4,8,0,'{\"noChildren\":1,\"parentTemplates\":[2],\"slashUrls\":1,\"pageClass\":\"Role\",\"noGlobal\":1,\"noMove\":1,\"noTrash\":1,\"noSettings\":1,\"noChangeTemplate\":1,\"nameContentTab\":1}'),(5,'permission',5,8,0,'{\"noChildren\":1,\"parentTemplates\":[2],\"slashUrls\":1,\"guestSearchable\":1,\"pageClass\":\"Permission\",\"noGlobal\":1,\"noMove\":1,\"noTrash\":1,\"noSettings\":1,\"noChangeTemplate\":1,\"nameContentTab\":1}'),(1,'home',1,0,0,'{\"useRoles\":1,\"noParents\":1,\"slashUrls\":1,\"compile\":3,\"modified\":1561483768,\"ns\":\"\\\\\",\"roles\":[37]}'),(29,'basic-page',83,0,0,'{\"slashUrls\":1,\"compile\":3,\"modified\":1559833817,\"ns\":\"\\\\\"}'),(26,'search',80,0,0,'{\"noChildren\":1,\"noParents\":1,\"allowPageNum\":1,\"slashUrls\":1,\"compile\":3,\"modified\":1559601034,\"ns\":\"\\\\\"}'),(34,'sitemap',88,0,0,'{\"noChildren\":1,\"noParents\":1,\"redirectLogin\":23,\"slashUrls\":1,\"compile\":3,\"modified\":1559601034,\"ns\":\"\\\\\"}'),(43,'repeater_header_block',97,8,0,'{\"noChildren\":1,\"noParents\":1,\"slashUrls\":1,\"pageClass\":\"RepeaterPage\",\"noGlobal\":1,\"compile\":3,\"modified\":1559847119}'),(44,'repeater_besetzung_block',98,8,0,'{\"noChildren\":1,\"noParents\":1,\"slashUrls\":1,\"pageClass\":\"RepeaterPage\",\"noGlobal\":1,\"compile\":3,\"modified\":1559847983}'),(45,'repeater_accordion_block',99,8,0,'{\"noChildren\":1,\"noParents\":1,\"slashUrls\":1,\"pageClass\":\"RepeaterPage\",\"noGlobal\":1,\"compile\":3,\"modified\":1559849447}'),(46,'repeater_expertise_cards',100,8,0,'{\"noChildren\":1,\"noParents\":1,\"slashUrls\":1,\"pageClass\":\"RepeaterPage\",\"noGlobal\":1,\"compile\":3,\"modified\":1559851162}'),(47,'repeater_offices',101,8,0,'{\"noChildren\":1,\"noParents\":1,\"slashUrls\":1,\"pageClass\":\"RepeaterPage\",\"noGlobal\":1,\"compile\":3,\"modified\":1559854391}'),(49,'repeater_job_classify_item',103,8,0,'{\"noChildren\":1,\"noParents\":1,\"slashUrls\":1,\"pageClass\":\"RepeaterPage\",\"noGlobal\":1,\"compile\":3,\"modified\":1560355192}'),(52,'repeater_service_category',106,8,0,'{\"noChildren\":1,\"noParents\":1,\"slashUrls\":1,\"pageClass\":\"RepeaterPage\",\"noGlobal\":1,\"compile\":3,\"modified\":1560419302}'),(51,'job_overview',105,0,0,'{\"slashUrls\":1,\"compile\":3,\"modified\":1561405683,\"ns\":\"\\\\\"}'),(53,'repeater_job_note',107,8,0,'{\"noChildren\":1,\"noParents\":1,\"slashUrls\":1,\"pageClass\":\"RepeaterPage\",\"noGlobal\":1,\"compile\":3,\"modified\":1560420400}'),(54,'job',108,0,0,'{\"slashUrls\":1,\"compile\":3,\"modified\":1561346334,\"ns\":\"\\\\\"}'),(55,'data-policy',109,0,0,'{\"slashUrls\":1,\"compile\":3,\"modified\":1560758229,\"ns\":\"\\\\\"}'),(56,'repeater_policy_rule',110,8,0,'{\"noChildren\":1,\"noParents\":1,\"slashUrls\":1,\"pageClass\":\"RepeaterPage\",\"noGlobal\":1,\"compile\":3,\"modified\":1560625155}'),(58,'impressum',112,0,0,'{\"slashUrls\":1,\"compile\":3,\"modified\":1560758296,\"ns\":\"\\\\\"}'),(59,'aboutus',113,0,0,'{\"slashUrls\":1,\"compile\":3,\"modified\":1561483595,\"ns\":\"\\\\\"}'),(60,'repeater_about_notes',114,8,0,'{\"noChildren\":1,\"noParents\":1,\"slashUrls\":1,\"pageClass\":\"RepeaterPage\",\"noGlobal\":1,\"compile\":3,\"modified\":1561127407}'),(61,'repeater_status_quo',115,8,0,'{\"noChildren\":1,\"noParents\":1,\"slashUrls\":1,\"pageClass\":\"RepeaterPage\",\"noGlobal\":1,\"compile\":3,\"modified\":1561137801}'),(62,'repeater_paltron_news',116,8,0,'{\"noChildren\":1,\"noParents\":1,\"slashUrls\":1,\"pageClass\":\"RepeaterPage\",\"noGlobal\":1,\"compile\":3,\"modified\":1561139233}'),(63,'news-feed',117,0,0,'{\"slashUrls\":1,\"compile\":3,\"modified\":1561483267,\"ns\":\"\\\\\"}'),(64,'repeater_news_tabs',118,8,0,'{\"noChildren\":1,\"noParents\":1,\"slashUrls\":1,\"pageClass\":\"RepeaterPage\",\"noGlobal\":1,\"compile\":3,\"modified\":1561152081}'),(65,'repeater_news_list',119,8,0,'{\"noChildren\":1,\"noParents\":1,\"slashUrls\":1,\"pageClass\":\"RepeaterPage\",\"noGlobal\":1,\"compile\":3,\"modified\":1561155300}'),(66,'news',120,0,0,'{\"slashUrls\":1,\"compile\":3,\"modified\":1561483289,\"ns\":\"\\\\\"}'),(67,'find_job',121,0,0,'{\"slashUrls\":1,\"compile\":3,\"modified\":1561298055,\"ns\":\"\\\\\"}'),(68,'apply-job',122,0,0,'{\"slashUrls\":1,\"compile\":3,\"modified\":1561260533,\"ns\":\"\\\\\"}'),(69,'expertise-level-1',123,0,0,'{\"slashUrls\":1,\"altFilename\":\"expertise\",\"compile\":3,\"modified\":1561483318,\"ns\":\"\\\\\"}'),(70,'repeater_advantages',124,8,0,'{\"noChildren\":1,\"noParents\":1,\"slashUrls\":1,\"pageClass\":\"RepeaterPage\",\"noGlobal\":1,\"compile\":3,\"modified\":1561279214}'),(71,'repeater_jobs',125,8,0,'{\"noChildren\":1,\"noParents\":1,\"slashUrls\":1,\"pageClass\":\"RepeaterPage\",\"noGlobal\":1,\"compile\":3,\"modified\":1561324052}'),(72,'repeater_sub_expertise',126,8,0,'{\"noChildren\":1,\"noParents\":1,\"slashUrls\":1,\"pageClass\":\"RepeaterPage\",\"noGlobal\":1,\"compile\":3,\"modified\":1561324884}'),(73,'expertise-level-2',127,0,0,'{\"slashUrls\":1,\"altFilename\":\"expertise\",\"compile\":3,\"modified\":1561411522,\"ns\":\"\\\\\"}'),(74,'language',128,8,0,'{\"parentTemplates\":[2],\"slashUrls\":1,\"pageClass\":\"Language\",\"pageLabelField\":\"name\",\"noGlobal\":1,\"noMove\":1,\"noTrash\":1,\"noChangeTemplate\":1,\"noUnpublish\":1,\"compile\":3,\"nameContentTab\":1,\"modified\":1561396323}'),(75,'expertise_list',129,0,0,'{\"slashUrls\":1,\"compile\":3,\"modified\":1561479733}');

/*!40101 SET SQL_MODE=@OLD_SQL_MODE */;
/*!40014 SET FOREIGN_KEY_CHECKS=@OLD_FOREIGN_KEY_CHECKS */;
/*!40014 SET UNIQUE_CHECKS=@OLD_UNIQUE_CHECKS */;
/*!40111 SET SQL_NOTES=@OLD_SQL_NOTES */;
